name,BBB URL,Rating,phone,fsa,Address,website,city,province,Effiency NS
Adam Baltzer Plumbing & Heating,,,1-844-323-8125,B0P,,http://www.baltzerplumbingandheating.ca/,Aylesford,NS,
MacGregor Brown Plumbing & Heating,,,902-706-7156,B0N,,https://www.macgregorbrownplumbingandheating.ca/,Mount Uniacke,NS,
Dalton Jodrey Plumbing & Heating Ltd,,,1-844-840-9399,B0R,,http://www.daltonjodrey.com/,Pleasantville,NS,
Drainbusters,,,902-701-5298,B3K,,http://drainbustersns.com/,Burnside,NS,
Accent Plumbing&Heating Ltd,,,902-701-9307,B4G,,https://www.accentplumbing.ca/,Beaver Bank,NS,
HPH Mechanical Ltd,,,902-704-0069,B3T,,https://ca.linkedin.com/in/darren-hurlbert-907253105,Lakeside,NS,
Mason's Plumbing and Heating,,,902-904-0301,B0J,,http://www.masonsplumbing.ca/,Lunenburg,NS,
GJS Plumbing & Heating,,,902-982-3586,B0M,,http://gjsplumbing.ca/,Debert,NS,
Duncan's Plumbing Heating & Filtration,,,902-400-0250,B5A,,https://www.facebook.com/pages/Duncans-Plumbing-Heating-Filtration/614230215391966,Yarmouth,NS,
Vance Plumbing & Heating LTD,,,1-866-985-3124,B2H,,http://vanceplumbing.ca,New Glasgow,NS,
C & J Brothers Plumbing Heating & VentilationInc,,,902-920-0239,B2N,,http://www.candjbrothersplumbing.ca/,Truro,NS,
Nauffts Plumbing & Heating,,,902-982-3593,B2T,,https://www.facebook.com/Nauffts-Plumbing-Heating-117235130062909/,Windsor Junction,NS,
Colby & Forest Hills Plumbing & Heating Ltd,,,902-705-3079,B2V,,http://colbyandforesthills.com/,Dartmouth,NS,
Kelsy's Plumbing Heating & Ventilation,,,1-866-804-2521,B2N,,http://kelsysplumbing.ca/,Truro,NS,
Drain Surgeons,,,902-704-5152,B2X,,http://drainsurgeons.ca/,Dartmouth,NS,
City Wide Mechanical Inc,,,902-817-8888,B2W,,https://citywidemechanical.ca/,Dartmouth,NS,
Mr Rooter Plumbing of Halifax,,,902-832-8000,B3T,,https://www.mrrooter.ca/halifax/,Prospect Bay,NS,
A.L.A. Plumb-Rite Ltd,,,902-690-7698,B4P,,http://alaplumb-rite.com/,White Rock,NS,
Bradsons Plumbing & Heating Ltd.,,,902-317-2900,B1Y,,https://www.facebook.com/Bradsons-Plumbing-and-Heating-Ltd-104446735602756/,Millville,NS,
Bremner's Plumbing & Heating,,,902-453-4800,B3S,,https://bremners.ca/,Halifax,NS,
AAA Plumbing & Heating,,,902-564-8841,B2A,,http://www.aaaplumbingheating.ca/,Edwardsville,NS,
"TNB Plumbing, Heating, Air Conditioning Ltd.",,,902-396-5439,B0K,,http://tnbplumbing.ca/,Westville,NS,
Arrow Plumbing & Heating,,,902-830-1487,B3M,,https://www.facebook.com/Arrow-Plumbing-Heating-154254125219269/,Halifax,NS,
True Flush Plumbing & Heating,,,902-692-1349,B0P,,http://www.trueflushplumbing.com/,Canning,NS,
Glasgow Plumbing and Heating,,,902-600-0794,B2H,,https://www.facebook.com/glasgowplumbingandheating,New Glasgow,NS,
Troy's Plumbing & Heating,,,902-670-1859,B4N,,https://www.facebook.com/TroysPlumbingAndHeating/,Kentville,NS,
W MacLean's Plumbing & Heating,,,902-272-8204,B0K,,,Hopewell,NS,
Blanchard R S Plumbing & Heating Ltd,,,902-757-2993,B0N,,http://rsblanchard.ca/,Ellershouse,NS,
Len's Plumbing & Heating,,,902-543-2353,B4V,,http://lensplumbingandheating.ca/,Bridgewater,NS,
Gary's Plumbing & Heating Ltd,,,902-830-7559,B0N,,http://garysplumbing.ca/,Mount Uniacke,NS,
MacLeod's Fuels - Plumbing & Heating,,,902-862-2721,B1H,,http://macleodsfuels.ca/,New Waterford,NS,
Ken Evans Plumbing & Heating Ltd,,,902-463-5691,B2Y,,https://www.kenevansplumbing.ca/,Dartmouth,NS,
John C MacKay Plumbing & Heating Ltd,,,902-895-8649,B0N,,,Truro,NS,
D & T Heating & Plumbing Ltd,,,902-890-0687,B0N,,,Brookfield,NS,
N.J. Armstrong Plumbing & Heating Ltd,,,902-277-0268,B0P,,,Kingston,NS,
Henderson J D Plumbing & Heating,,,902-895-3541,B6L,,,Salmon River,NS,
Brass-T Plumbing and Heating,,,902-986-3394,B2N,,http://brasstplumbing.ca/,Truro,NS,
Tradesmen Plumbing Heating & Ventilation,,,902-895-6563,B2N,,,Salmon River,NS,
Porter Mechanical Contractors,,,902-895-1087,B6L,,,Salmon River,NS,
Blenkhorn's Drain Cleaning & Property Services,,,902-890-4966,B2N,,,Truro,NS,
Brice?s Plumbing & Handyman Service?s,,,902-786-5595,B0N,,,Green Creek,NS,
MacKay John C Plumbing & Heating Ltd,,,902-895-8649,B0N,,https://www.facebook.com/pages/John-C-MacKay-Plumbing-Heating-Ltd/1679049739024830,Brookfield,NS,
BMC Contracting Ltd,,,902-899-5111,B2N,,,Truro,NS,
Brylee's Plumbing Services,,,902-956-3958,B2N,,,Truro,NS,
My Plumber,,,902-305-2671,B2N,,http://www.iamyourplumber.ca/,Truro,NS,
Fitz Plumbing Contractors Ltd,,,902-324-2237,B2N,,,Truro,NS,
EMCO Corporation,,,902-893-7434,B2N,,http://emco.ca/,Truro,NS,
Patton's Plumbing & Heating,,,902-893-3676,B6L,,,North River,NS,
Chris Boyd Plumbing Heating & Ventilation,,,902-890-5123,B6L,,http://chrisboydplumbing.ca/,Onslow Mountain,NS,
White's Plumbing&Heating,,,902-662-2035,B0M,,,Debert,NS,
Steady Flow Mechanical,,,902-225-2373,B0N,,https://www.facebook.com/plumbingheatingGasfitting.EastHants.HRM/,Shubenacadie,NS,
Archibald's Plumbing&Heating,,,902-662-4050,B0M,,,Lower Debert,NS,
Davies Plumbing & Heating,,,902-883-9078,B2S,,http://daviesplumbingandheating.ca/,Elmsdale,NS,
Davies Plumbing & Heating Ltd,,,902-883-9078,B2S,,https://www.facebook.com/DaviesPH/,Elmsdale,NS,
Scotia Plumbing,,,902-396-5800,B0K,,,Stellarton,NS,
Better Call Paul Plumbing Ltd,,,902-753-6388,B0K,,http://bettercallpaulns.ca/,Westville,NS,
Frank Parkers Plumbing Heating,,,902-396-4064,B0K,,,Westville,NS,
Marcott Plumbing & Heating,,,902-695-2558,B0K,,http://marcottplumbingandheating.ca/,Westville,NS,
Gordon Black Plumbing & Heating,,,902-657-8988,B0K,,,Tatamagouche,NS,
TNB Plumbing,,,902-396-5439,B0K,,,New Glasgow,NS,
Al's Plumbing & Heating,,,902-759-5668,B2H,,,New Glasgow,NS,
Lila's Plumbing & Odd Jobs,,,902-759-4650,B2H,,,New Glasgow,NS,
EMCO Corporation,,,902-752-2547,B2H,,http://emco.ca/,New Glasgow,NS,
Those Guys Plumbing & Electrical Ltd.,,,902-301-3036,B2H,,https://www.facebook.com/ThoseGuysPE/,New Glasgow,NS,
North Shore Plumbing,,,902-957-2764,B0K,,http://nsplumbing.ca/,Tatamagouche,NS,
North Nova Construction,,,902-755-3308,B2H,,,New Glasgow,NS,
Ross Macdonald Plumbing & Burner Services,,,902-695-3002,B2H,,http://www.rmacdonald-plumbing.com/,New Glasgow,NS,
Ross Macdonald Plumbing & Burner Service Ltd,,,902-695-3002,B2H,,http://www.rmacdonald-plumbing.com/,New Glasgow,NS,
Hoetten Rolph Plumbing & Heating,,,902-657-3943,B0K,,,Tatamagouche,NS,
Maverick Plumbing Services,,,902-301-1485,B2H,,,New Glasgow,NS,
Halverson Plumbing & Heating,,,902-657-2025,B0K,,,Tatamagouche,NS,
Solstice Plumbing & Maintenance,,,902-921-0921,B2H,,,New Glasgow,NS,
Utma Hps,,,902-456-9122,B0J,,,East Chezzetcook,NS,
Gordon H Chapman Plbg & Htg,,,902-485-6988,B0K,,,Pictou,NS,
Mike Chapman Heating & Plumbing Inc,,,902-382-2125,B0K,,,Lyons Brook,NS,
Pettipas Plumbing & Septic Tank Pumping Services,,,902-827-3366,B0J,,,East Chezzetcook,NS,
Lee Castle's Plumbing & Heating,,,902-860-1640,B2T,,http://www.leecastleplumbingltd.com/,Fletchers Lake,NS,
Eternity Mechanical,,,902-890-1791,B0K,,http://www.facebook.com/EternityMech/,River John,NS,
Homerun Plumbing & Renovations,,,782-640-2222,B4G,,,Beaver Bank,NS,
Holloway's Plumbing & Heating,,,782-414-1810,B4G,,,Beaver Bank,NS,
Doucets Plumbing & Heating Services,,,902-818-8494,B0N,,,Mount Uniacke,NS,
"Tony Rhynold Electrical, Plumbing And Heating Lt d.",,,902-866-0077,B0N,,,Mount Uniacke,NS,
AMT Plumbing & Heating Ltd,,,902-209-2308,B4G,,http://amtplumbing.ca/,Beaver Bank,NS,
A&L Plumbing & Heating Inc.,,,902-456-2653,B2Z,,http://www.facebook.com/855969397847377,Mineville,NS,
ACL Plumbing & Heating Ltd.,,,902-252-3777,B4G,,http://www.facebook.com/202972746754115,Beaver Bank,NS,
Willis Plumbing & Heating,,,902-434-9690,B2Z,,http://www.facebook.com/197037234011953,Cherry Brook,NS,
Dufferin Mechanical,,,902-654-2920,B0J,,http://www.facebook.com/DufferinMechanicalLimited/info?ref=page_internal,Port Dufferin,NS,
"Tony Rhynold Electrical, Plumbing and Heating",,,782-640-5710,B4C,,http://tonyrhynold.com/,Lower Sackville,NS,
Wilsons Home Heating,,,902-429-4545,B4C,,http://homeheating.wilsons.ca/,Lower Sackville,NS,
Celtic Plumbing & Heating,,,902-471-0406,B4C,,http://celticplumbingandheating.ca/,Lower Sackville,NS,
Drain Busters,,,902-701-5298,B4C,,,Lower Sackville,NS,
Scotia Tech Fluid Services Ltd,,,902-706-7274,B3B,,http://www.census.com/,Dartmouth,NS,
Clean Connections Plumbing/Heating,,,902-877-3616,B2X,,,Dartmouth,NS,
Tattrie's Plumbing,,,902-802-4670,B4E,,,Lower Sackville,NS,
Thomas Martin Construction Ltd.,,,902-442-5811,B4C,,https://tmconstructionltd.ca,Lower Sackville,NS,
Dcn Plumbing & Construction,,,902-497-8662,B2W,,,Dartmouth,NS,
Twin Cities Plumbing & Htg Ltd,,,902-435-3399,B2X,,http://www.facebook.com/855412001252778,Dartmouth,NS,
Permanent Results Plumbing & Heating Limited,,,902-452-5531,B4E,,,Lower Sackville,NS,
"Bird Stairs (Dartmouth) - Plumbing, Heating & El ectrical",,,902-465-2473,B3B,,,Dartmouth,NS,
Cornell Video Inspection & Pipe Lining,,,902-499-2310,B4E,,http://www.whydig.com/,Middle Sackville,NS,
Anchor Plumbing & Heating,,,902-864-0063,B4E,,http://www.facebook.com/784650378345641,Middle Sackville,NS,
Western Plumbing & Heating,,,902-468-2437,B3B,,http://www.facebook.com/1519439035030894,Dartmouth,NS,
Austin Lapierre Plumbing&Heating,,,902-865-2726,B4C,,,Lower Sackville,NS,
Eastern Plumbing & Heating Ltd,,,902-434-3878,B2X,,http://easternplumbingandheating.com/,Dartmouth,NS,
JB's Plumbing And Heating,,,902-252-3444,B4E,,http://www.facebook.com/466590840210690,Sackville,NS,
Action Plumbing&Heating,,,902-865-6143,B4E,,http://www.facebook.com/1729708017307172,Middle Sackville,NS,
Partington Sales,,,902-463-1758,B2V,,http://partingtonsales.com/,Dartmouth,NS,
Halifax Plumbing and Heating,,,902-880-5748,B3B,,https://www.halifaxplumbingandheating.ca/,Dartmouth,NS,
Atlantic Backflow Specialists Ltd,,,902-499-7745,B2W,,http://www.atlanticbackflow.com/,Dartmouth,NS,
Total Plumbing Inc,,,902-440-1561,B3B,,http://www.facebook.com/1749213858648644,Halifax,NS,
McNair Bros Plumbing&Heating Ltd,,,902-835-4576,B4A,,http://www.facebook.com/947759285336911,Bedford,NS,
Reliable Rooter,,,902-864-0393,B3B,,http://www.plumbingandheatinghalifax.ca/,Dartmouth,NS,
Al's Flat Rate Plumbing,,,902-414-3636,B3L,,,Halifax,NS,
Gophers Plumbing,,,902-880-0756,B2W,,https://www.gphhalifax.ca/,Dartmouth,NS,
Gopher Plumbing & Hydronic Heating,,,902-880-0756,B2W,,,Dartmouth,NS,
EMCO Corporation,,,902-468-4507,B3B,,http://emco.ca/,Halifax,NS,
Parker Plumbing & Heating Ltd,,,902-435-3999,B3B,,http://parkerplumbing.ca/,Dartmouth,NS,
W J Power Plumbing & Heating,,,902-463-0535,B3B,,,Dartmouth,NS,
EMCO Corporation,,,902-453-4410,B3B,,http://emco.ca/,Halifax,NS,
Integrated Commissioning and Certification,,,902-406-8398,B2Y,,,Dartmouth,NS,
Mister Hot Water Heater,,,902-802-0170,B2W,,http://www.misterhotwaterheater.ca/,Dartmouth,NS,
Blackburn Bennett Plumbing & Heating Inc,,,902-877-0850,B2W,,http://blackburnbennett.com/,Dartmouth,NS,
ADT Security Services,,,902-982-1502,B3B,,,Dartmouth,NS,
Pentz Contracting,,,902-210-9567,B3A,,http://www.facebook.com/199514073889993,Dartmouth,NS,
Plumbing Barn,,,902-466-6664,B2Y,,,Dartmouth,NS,
Dartmouth Plumbers Ltd,,,902-469-4089,B2Y,,http://www.facebook.com/221723931702034,Dartmouth,NS,
Lindsay's Plumbing & Heating,,,902-823-2602,B3A,,,French Village,NS,
Kdr Plumbing - Kevin Rendell,,,902-222-4337,B2Y,,,Dartmouth,NS,
East Coast Plumbing & Heating Ltd,,,902-463-3808,B2Y,,http://www.facebook.com/221261601573827,Dartmouth,NS,
H2O Plumbing,,,902-404-3898,B4B,,,Bedford,NS,
Uniplex Plumbing & Renovation Ltd.,,,902-403-5214,B3A,,https://uniplexrenovation.com/,Dartmouth,NS,
Macintosh Mechanical Plumbing Services,,,902-292-4378,B3M,,,Halifax,NS,
All Clear Drain Svc,,,902-455-3500,B3K,,http://www.facebook.com/1176873692363181,Halifax,NS,
Tanner Supply,,,902-454-8541,B3K,,http://www.facebook.com/134216497359431,Halifax,NS,
Doctor Drain,,,902-488-2208,B3L,,http://www.facebook.com/167839147156707,Halifax,NS,
Alpha Plumbing & Heating Ltd,,,902-830-5914,B2W,,http://www.alphaplumbing.ca/,Dartmouth,NS,
A J Murphy Plumbing & Heating,,,902-469-3663,B3A,,http://www.ajmurphy.ca/,Halifax,NS,
Ace Plumbing & Heating Ltd,,,902-479-1516,B3K,,,Halifax,NS,
The Plumber MD,,,902-233-9665,B3K,,,Halifax,NS,
Daniel Landry,,,902-452-3563,B3P,,,Halifax,NS,
B.E Plumbing Services,,,902-240-5206,B3L,,,Halifax,NS,
Dartmouth Central Plumbing & Heating,,,902-465-6057,B0J,,,Eastern Passage,NS,
EMCO Corporation,,,902-453-8144,B3K,,http://emco.ca/,Halifax,NS,
T O Plumbing & Heating Ltd,,,902-456-0070,B4B,,http://www.facebook.com/108170699819472,Halifax,NS,
Halifax Plumbing Pros,,,902-201-0585,B3H,,,Halifax,NS,
Harbour City Plumbing and Renovations,,,902-789-3108,B3H,,https://hcpr.ca/,Halifax,NS,
Halifax Plumbing Experts,,,902-706-8416,B3H,,,Halifax,NS,
Trevor Wheatley's Plumbing & Heating ltd,,,902-830-2868,B3L,,,Halifax,NS,
In Fluid Products Canada,,,902-421-7522,B3L,,,Halifax,NS,
AquaTech Plumbing Halifax Emergency Plumber,,,1-888-855-1582,B3L,,http://AquaTechPlumbingHalifaxEmergencyPlumber.shop/,Halifax,NS,
Kirk Heating Limited,,,902-405-3050,B4B,,https://kirkheatinglimited.ca/,Bedford,NS,
Accord Pipe Lining Plumbing Services,,,647-545-7474,B3M,,,Halifax,NS,
"Plumb Line Osteopathy , Kara Muhlhausen",,,519-766-3951,B4B,,,Hammonds Plains,NS,
Main Drain Plumbing And Heating,,,902-320-0422,B3M,,,Halifax,NS,
Blanchard R S Plumbing&Heating Ltd,,,902-757-2993,B0N,,,Windsor,NS,
Pace Plumbing & Heating Ltd,,,902-477-4633,B3P,,https://paceplumbing.ca/,Halifax,NS,
Nolan Plumbing & Heating,,,902-489-5325,B3Z,,http://www.nolanplumbing.ca/,Lewis Lake,NS,
MacDonald C C Limited,,,902-450-5184,B3S,,http://www.facebook.com/935965686516753,Halifax,NS,
JRK Plumbing,,,902-329-5065,B3R,,http://krjplumbing.ca/,Halifax,NS,
DC Heat & Maintenance Ltd,,,902-407-4328,B3R,,http://www.dcheat.ca/,Halifax,NS,
902 Plumbing & Heating,,,902-449-7287,B3T,,https://www.902plumbing.pro/,Timberlea,NS,
Clean Flo Plumbing & Heating Ltd,,,902-405-8829,B3T,,http://www.cleanflohalifax.ca/,Timberlea,NS,
Bear Mechanical Plumbing & Heating,,,902-229-8877,B3R,,http://WWW.BEARMECHANICAL.CA/,Herring Cove,NS,
Archangel Plumbing & Heating,,,902-448-1123,B3P,,,Halifax,NS,
Tantallon Plumbing & Heating,,,902-880-9555,B3Z,,http://www.facebook.com/854742067981397,Halifax,NS,
JEILD Plumbing Limited,,,902-412-6827,B3Z,,,Upper Tantallon,NS,
Eric J Dodge Plumbing Services,,,902-526-0828,B0S,,https://www.facebook.com/Eric-J-Dodge-Plumbing-Services-100454358759562/,Middleton,NS,
Reynolds Plumbing & Heating Ltd,,,902-798-5879,B0P,,,Windsor,NS,
Donald's Burner & Plumbing Services Ltd,,,902-684-3525,B0P,,,Falmouth,NS,
M C Plumbing And Heating,,,902-499-6744,B0P,,,Falmouth,NS,
Robars' Tri-Service Ltd,,,902-522-2766,B0J,,,Sherbrooke,NS,
Suburban,,,902-471-3140,B3Z,,http://www.facebook.com/258334767835882,Tantallon,NS,
"Avonport Plumbing, Heating and Electrical Ltd",,,902-300-0289,B0P,,,Avonport,NS,
Parker R J Mechanical,,,902-852-2317,B3T,,,Halifax,NS,
Anaconda Plumbing,,,902-790-9030,B0P,,http://anacondaplumbing.ca/,Falmouth,NS,
Tidal Mechanical Ltd,,,902-852-2690,B3T,,http://www.facebook.com/528918400819763,Whites Lake,NS,
Tidal Mechanical Plumbing & Heating Services Ltd,,,902-789-0639,B3T,,http://www.facebook.com/tidalmechanical/,White Lake,NS,
Hardy Plumbing & Gas,,,902-580-1105,B3M,,,Halifax,NS,
Luke's Plumbing and Heating Services,,,902-679-7947,B0P,,,Grand Pre,NS,
CA Smith Mechanical Ltd,,,902-863-4096,B2G,,http://casmithmechanical.com/,Antigonish,NS,
Mr. Rooter Plumbing of Halifax,,,902-332-3410,B3T,,https://www.mrrooter.ca/halifax/request-job-estimate/,Prospect Bay,NS,
Haley J L Plumbing & Heating Ltd,,,902-863-4849,B2G,,,Antigonish,NS,
Euro Plumbing & Heating,,,902-402-0776,B3T,,http://www.facebook.com/137871613544079,Lower Prospect,NS,
Brown & Smith Contractors Ltd,,,902-670-1725,B4P,,,Wolfville,NS,
Annapolis Valley Plumbing & Heating Limited,,,902-680-5506,B4P,,,Wolfville,NS,
Bill's Plumbing & Heating Service,,,902-697-2720,B4P,,,Greenwich,NS,
Malcolm Stevens Plumbing and Heating,,,902-670-3723,B4N,,,New Minas,NS,
A L A Plumb-Rite,,,902-542-2094,B4P,,,Wolfville,NS,
U A Local 244 Plumbers Pipe-Fitters & Welders,,,902-386-2551,B0H,,,Heatherton,NS,
Chapman George B Plumbing & Heating,,,902-667-8636,B4H,,,Amherst,NS,
Wade Murphy Plumbing,,,902-318-5232,B0H,,http://wademurphyplumbing.ca/,Heatherton,NS,
David Carey Plumbing & Heating,,,902-680-1293,B4N,,,Kentville,NS,
Martell Mechanical,,,902-300-3133,B4P,,,Wolfville,NS,
Absolute Plumbing & Heating,,,902-679-8682,B4N,,,Kentville,NS,
Valley Burner Service,,,902-678-9422,B0P,,http://www.valleyburnerservice.com/,Kingston,NS,
Keith Pulsifer's Plumbing & Heating,,,902-670-3220,B4N,,,Kentville,NS,
Response Plumber,,,902-698-1188,B0P,,https://www.responseplumber.ca/,Port Williams,NS,
Ron Martin's Plumbing Heating & Electrical,,,902-679-1954,B4N,,http://www.ronmartinsplumbing.com/,Kentville,NS,
Willow Renovations,,,902-681-6149,B4N,,,Kentville,NS,
Kings Plumbing & Heating,,,902-680-5532,B0P,,,Cambridge,NS,
GC Baxter Plumbing & Heating,,,902-538-3763,B0P,,,Cambridge Station,NS,
K P's Plumbing & Heating,,,902-698-0352,B0P,,,Berwick,NS,
Carty's Plumbing & Heating Ltd,,,902-538-8563,B0P,,,Waterville,NS,
Baker Dave Plumbing & Heating,,,902-538-7425,B0P,,,Berwick,NS,
Toshi Imai Plumbing And Heating Ltd,,,902-293-5071,B3L,,,Halifax,NS,
Dale Smith's Plumbing & Heating,,,902-680-1393,B0P,,,Kentville,NS,
Jordan's Plumbing & Heating,,,902-538-7646,B0P,,http://www.oiltankinstallers.ca/,Berwick,NS,
Jason T. Greek Plumbing & Heating,,,902-298-9543,B0R,,http://www.facebook.com/jasongreeksplumbing,Barss Corner,NS,
No Problem Plumbing & Electrical,,,902-624-8348,B0J,,,Mahone Bay,NS,
Conrads Pro Plumbing Heating Ltd,,,902-543-6652,B4V,,,Pine Grove,NS,
Langille's Plumbing & Heating Ltd,,,902-543-4897,B4V,,http://www.langilles.com/,Bridgewater,NS,
Mr Plumber,,,902-543-1314,B4V,,http://mrplumber.ca/,Bridgewater,NS,
Economical Plumbing Repairs,,,902-530-5888,B4V,,,Bridgewater,NS,
Rafuse G A Plumbing & Heating,,,902-527-8145,B4V,,http://garafuseplumbingandheating.ca/,Bridgewater,NS,
Langille's Peter Plumbing & Heating Ltd,,,902-527-2251,B4V,,http://peterlangilleplumbingheating.vpweb.com/,Auburndale,NS,
Tapped In Plumbing & Heating,,,902-299-5294,B0R,,,New Germany,NS,
Rafuse Mechanical,,,902-765-2712,B0P,,https://rafusemechanical.com/,Meadowvale,NS,
Mike Hoogerwerf Plumbing & Heating,,,902-825-3607,B0S,,,East Margaretsville,NS,
David Baker Plumbing & Heating,,,902-760-1109,B0P,,,Wilmot Station,NS,
Marshall Wayne Plumbing & Heating Ltd,,,902-825-4371,B0S,,,Middleton,NS,
Kevin Bushen Plumbing & Heating,,,902-530-2629,B4V,,http://www.bushenplumbingandheating.com/,Italy Cross,NS,
Scott Parks Plumbing Services,,,902-824-0183,B0S,,,Middleton,NS,
Brian Bollivar Plumbing & Heating,,,902-523-4985,B4V,,http://www.brianbollivar.com/,Middlewood,NS,
Landry Brothers Home Hardware,,,902-345-2720,B0E,,https://homehardware.ca/,Louisdale,NS,
Cole Cleveland?s Plumbing,,,902-930-3833,B4V,,,Bridgewater,NS,
Sully Plumbing & Heating Ltd,,,902-226-0280,B0E,,,Arichat,NS,
Samsons Plumbing Heating Ltd,,,902-227-7761,B0E,,,Arichat,NS,
LMD Plumbing,,,902-665-2382,B0S,,,Bridgetown,NS,
Bird Fred N Water & Sewerage Supply,,,902-756-3030,B0E,,,Whycocomagh,NS,
Tate Plumbing & Heating - Cape Breton,,,902-615-3266,B1V,,,Sydney Mines,NS,
Plumber & Backflow Prevention Specialist,,,902-350-6666,B0T,,https://www.facebook.com/PlumberBackflowPreventionSpecialistFrankRTielsch/,Liverpool,NS,
Plumbing & Backflow Prevention Specialist Inc,,,902-350-6666,B0T,,,Liverpool,NS,
Backflow Prevention and Plumber,,,902-350-6666,B0T,,,Liverpool,NS,
Parker Mountain Welding & Plumbing,,,902-526-0176,B0S,,,Granville Ferry,NS,
River's Edge Plumbing,,,902-295-8424,B0E,,,Baddeck,NS,
Am Plumbing,,,902-312-2021,B0S,,,Clementsport,NS,
Fougere's Plumbing & Heating,,,902-224-2020,B0E,,,Cheticamp,NS,
Able Mechanical,,,902-247-5669,B0V,,,Digby,NS,
Bell's Plumbing & Heating Services,,,902-574-3590,B1K,,,Grand Mira North,NS,
Corsair Plumbing And Gas Ltd.,,,902-500-1115,B1J,,,East Bay,NS,
Hillside Heating and Plumbing,,,902-544-1316,B1Y,,,Hillside Boularderie,NS,
Hemeon's Plumbing,,,902-875-1635,B0T,,,Shelburne,NS,
Precision Plumbing & Heating Ltd,,,902-578-0717,B1R,,,Sydney,NS,
Donovan & Associates Plumbing & Heating Ltd,,,902-317-2313,B1L,,http://www.facebook.com/donovanplumbingheating,Sydney,NS,
Waterworks Plumbing,,,902-371-2300,B1L,,https://www.facebook.com/WaterworksPlumbingandHeating/,Sydney,NS,
Stone Brothers Plumbing & Heating Ltd,,,902-562-6316,B1L,,http://stonebros.ca/,Sydney,NS,
Brian Jessome's Plumbing & Heating,,,902-565-2464,B1R,,http://www.facebook.com/Brian-Jessomes-Plumbing-Heating-291508167885889,Sydney,NS,
A B Mechanical,,,902-567-3897,B2A,,http://www.abmechanical.ca/,Point Edward,NS,
Transit Plumbing And Heating Ltd,,,902-564-9574,B2A,,https://tateplumbing.ca/,Edwardsville,NS,
Mahon's Mechanical Ltd,,,902-567-3877,B1S,,,Sydney,NS,
SOS Plumbing and Heating,,,902-577-2664,B1S,,http://www.sosplumbingandheating.ca/,Sydney,NS,
Thunderbird Plumbing and Heating,,,902-567-5483,B1S,,http://www.facebook.com/thunderbird.plumbingandheating,Membertou,NS,
J&D Electrical And Plumbing Limited,,,902-837-7133,B0W,,,Weymouth,NS,
MacLean Bros Plumbing & Heating Co Ltd,,,902-270-3498,B1P,,,Sydney,NS,
Rud-Dun Plumbing Heating & Ventilation (1992) Limited,,,902-562-0935,B1P,,,Sydney,NS,
Hillside Heating & Plumbing,,,902-577-1115,B1V,,http://www.facebook.com/hillsideheatingandplumbing,Sydney Mines,NS,
Bramac Plumbing & Heating,,,902-881-3211,B5A,,http://www.bramac.ca/,Yarmouth,NS,
JBM Plumbing & Heating Ltd,,,902-530-3755,B4V,,http://jbmplumbingheatingltd.ca/,Bridgewater,NS,
Lynk Mechanical,,,902-564-8140,B1P,,http://www.lynkgroup.ca/,Sydney,NS,
Quinlan John Plumbing&Heating Contractor,,,902-539-3449,B1P,,,Sydney,NS,
Alltrades Ltd.,,,902-270-8010,B1P,,,Sydney,NS,
At Ease Plumbing Ltd,,,902-577-6138,B1K,,http://www.facebook.com/ateaseplumbing,Albert Bridge,NS,
KWR Plumbing & Heating,,,902-746-9552,B0W,,http://www.facebook.com/KWR-Plumbing-Heating-770255673117130/,Kemptville,NS,
United Association Of Plumbers & Steamfitters Local 682,,,902-562-3753,B1E,,http://www.ualocal682.ca/,Cape Breton,NS,
Ike's Plumbing And Heating,,,902-979-4537,B1H,,,Gardiner Mines,NS,
First Choice Sewer Inspection & Drain Cleaning,,,902-565-4113,B1H,,,Gardiner Mines,NS,
First Choice Heating and Plumbing,,,902-202-8359,B1H,,,Gardiner Mines,NS,
Green Sewer Video Inspection & Drain Cleaning,,,902-304-5790,B1G,,http://www.facebook.com/GREEN-SEWER-VIDEO-Inspection-and-drain-cleaning-1181075355272324/,Dominion,NS,
Chimera Plumbing,,,902-842-4606,B1A,,,Glace Bay,NS,
Danny Boy's Plumbing & Mechanical,,,902-371-3023,B1A,,,Glace Bay,NS,
McNeil W J Plumbing & Heating,,,902-849-0592,B1A,,,Glace Bay,NS,
All Stars Plumbing & Heating,,,902-322-4041,B1A,,http://asph.ca/,Glace Bay,NS,
Plumbing And Heating All Stars,,,902-276-3600,B1A,,,Glace Bay,NS,
East Coast Mechanical Services,,,902-574-3404,B1A,,https://eastcoastmechanicalservices.ca/,Glace Bay,NS,
Del's Plumbing,,,902-769-7822,B0W,,,Meteghan,NS,
Big Jay's Plumbing & Heating,,,902-645-2039,B0W,,,Meteghan,NS,
Doug Henderson's Plumbing & Heating,,,902-897-0315,B1B,,,Truro,NS,
Acadian Plumbing & Heating & Electrical Ltd,,,902-648-2229,B0W,,http://www.facebook.com/AcadianPlumbingHeatingElectricalLtd,Tusket,NS,
Wyatt's Plumbing Ltd,,,902-637-1977,B0W,,,Cape Sable,NS,
MacDonells Small Jobs Ltd,,,902-575-2010,B0W,,,Barrington Passage,NS,
Tri-County Plumbing - Heating & Propane Services,,,902-307-5263,B5A,,https://tricountyservices.ca/,Yarmouth,NS,
Brian's Plumbing & Heating,,,902-778-1738,B5A,,,Yarmouth,NS,
BraMac Plumbing&Heating,,,902-881-3211,B5A,,,Yarmouth,NS,
EMCO Corporation,,,902-749-1947,B5A,,http://emco.ca/,Yarmouth,NS,
Jeff LeBlanc Plumbing,,,902-746-4644,B5A,,,Arcadia,NS,
Handyman Connection,,,902-468-9013,B3B,,http://www.handymanconnection.ca/,Dartmouth,NS,
Gilmour Plumbing,,,902-414-6406,B0N,,,Shubenacadie,NS,
Dimitris Plumbing and Heating Ltd,,,902-830-9005,B3H,,http://www.facebook.com/1463055970663253,Halifax,NS,
Armstrong H E Mechanical,,,902-765-2412,B0P,,,Kingston,NS,
Park Plumbing,,,902-266-5999,B3K,,,Halifax,NS,
Coopers Plumbing And Heating,,,902-802-4164,B2X,,http://www.coopersplumbingheating.ca/,Dartmouth,NS,
BaySide Plumbing,,,902-309-2415,B0J,,,Tantallon,NS,
New Generation Plumbing & Heating,,,902-817-1381,B2W,,,Dartmouth,NS,
New Generation Plumbing & Heating,,,902-444-0491,B2W,,,Dartmouth,NS,
Peters Plumbing,,,902-452-0135,B3M,,,Halifax,NS,
TYGAR,,,902-221-2292,B3K,,,Halifax,NS,
Slater Plumbing,,,902-977-2477,B2N,,http://www.slaterplumbing.ca/,Truro,NS,
Detect-All,,,902-452-7534,B3L,,http://www.detectall.ca/,Halifax,NS,
Blackburn Bennett,,,902-404-2393,B2W,,http://www.blackburnbennett.com/,Dartmouth,NS,
Sanicary Plumbing,,,902-478-4231,B3P,,http://www.sanicaryplumbing.com/,Halifax,NS,
Cumberland Plumbing,,,902-694-3075,B4H,,,Amherst,NS,
Diamond Plumbing,,,902-870-5301,B2G,,,Antigonish,NS,
MacLaughlin Mechanical,,,902-497-1696,B3S,,https://www.facebook.com/MacLaughlinMech/,Halifax,NS,
Drysdale Plumbing,,,902-293-7586,B4E,,,Sackville,NS,
Smith S,,,902-582-7220,B0P,,,Canning,NS,
Marcott Plumbing,,,902-928-8055,B2H,,,New Glasgow,NS,
AP Plumbing,,,902-404-5974,B3L,,,Halifax,NS,
Nolan Plumbing,,,902-489-5235,B3Z,,,Lewis Lake,NS,
Boutis Plumbing,,,902-830-8554,B3H,,,Halifax,NS,
Goodlife Plumbing,,,902-252-0436,B4G,,,Beaver Bank,NS,
Plumber Pipefitter,,,902-453-4615,B3K,,,Halifax,NS,
Munroes Plumbing,,,902-752-0069,B2H,,,New Glasgow,NS,
Simpson Installations,,,902-447-2038,B0M,,,Oxford,NS,
Frizzell Paul,,,902-324-3001,B2N,,,Truro,NS,
KLC Plumbing,,,902-830-7095,B2W,,,Dartmouth,NS,
Halifax Plumbers,,,902-463-9575,B3K,,,Halifax,NS,
Cortech Plumbing,,,902-830-5689,B3M,,,Halifax,NS,
Big Boy Mechanical,,,902-863-8788,B2G,,,Antigonish,NS,
Campbell Corning Mechanical,,,902-740-4641,B5A,,,Yarmouth,NS,
Andy Fotis Plumbing&Heating,,,902-422-6705,B3H,,http://www.facebook.com/1077432062320080,Halifax,NS,
McNair Mechanical Ltd,,,902-209-1755,B4C,,http://www.facebook.com/1734331486789627,Lower Sackville,NS,
CJ's Plumbing,,,902-538-0473,B0P,,http://cjsplumbingheating.com/,Berwick,NS,
Fox Whole Plumbing,,,902-448-2283,B3P,,,Halifax,NS,
Tiny Angels Early Education,,,902-835-2333,B4A,,http://www.facebook.com/1305409579495275,Bedford,NS,
Public Drain Authority,,,902-982-3963,B3L,,,Halifax,NS,
A Christmas Plumbing,,,902-304-1090,B1P,,,Sydney,NS,
Tartan Mechanical Limited,,,902-818-7660,B2W,,,Dartmouth,NS,
Rick's Plumbing,,,902-883-8203,B2S,,,Elmsdale,NS,
Doire Plumbing Service,,,902-870-1955,B2G,,,Antigonish,NS,
Bayside Plumbing&Heating Ltd,,,902-565-5412,B1R,,,Sydney,NS,
Plumb 'N Time,,,902-789-9488,B4C,,,Lower Sackville,NS,
Paul Richards Plumbing,,,902-895-0175,B2N,,,Truro,NS,
Cove Lobster Ltd,,,902-637-2072,B0W,,,Cape Sable Island,NS,
Cdm's Plumbing,,,902-670-2978,B4N,,,Kentville,NS,
Valley Fuels Ltd,,,902-542-5203,B4P,,,Wolfville,NS,
All Trades Plumbing,,,902-270-2409,B1P,,,Sydney,NS,
Blakeney's Plumbing,,,902-667-0370,B4H,,,Amherst,NS,
Reliable Rooter Ltd,,,902-670-3664,B4N,,,Kentville,NS,
Brown&Murphy Services Ltd,,,902-825-4762,B0S,,,Middleton,NS,
Matt's Plumbing,,,902-818-9114,B2V,,,Dartmouth,NS,
Female Plumbers Timberlea,,,902-880-8485,B3T,,,Timberlea,NS,
Rick's Plumbing,,,902-204-4602,B0N,,,Windsor,NS,
Certified Journeyman Plumbing,,,902-488-3967,B3L,,,Halifax,NS,
Reid's Plumbing,,,902-301-4909,B2H,,,New Glasgow,NS,
Red Seal Plumbing,,,902-220-3862,B3K,,,Halifax,NS,
Sundog Plumbing & Heating,,,902-549-0219,B1V,,http://sundogplumbing.wixsite.com/website,Sydney Mines,NS,
Jodrey Dalton Plumbing&Heating Ltd,,,902-543-5501,B0R,,,Pleasantville,NS,
Brown's Plumbing&Burner Service,,,902-834-2898,B0V,,,Tiverton,NS,
Bayview Plumbing & Heating,,,902-893-8447,B2N,,,Truro,NS,
Connor Plumbing & Heating,,,902-497-1159,B3M,,https://www.facebook.com/Connor-Plumbing-Heating-400863906730526/,Halifax,NS,
Edgecombe Plumbing And Heating,,,902-790-1160,B0N,,,Windsor,NS,
Farrell's Plumbing&Heating Ltd,,,902-863-2609,B2G,,,Antigonish,NS,
Small Jobs Plumbing Inc,,,902-252-0461,B4G,,,Beaver Bank,NS,
Faster Plumbing & Heating,,,902-488-4094,B2W,,,Dartmouth,NS,
Problem Solved Tree Service,,,902-717-2030,B2W,,,Dartmouth,NS,
Kedy's Plumbing Ltd,,,902-483-7772,B4A,,,Bedford,NS,
Coastal Plumbing & Heating,,,902-457-1611,B3M,,,Halifax,NS,
A&G Plumbing and Heating,,,902-789-2947,B3L,,,Halifax,NS,
Lakelands Plumbing And Heating,,,902-830-7161,B0N,,,Mount Uniacke,NS,
J. Lee Mechanical Inc,,,902-476-5710,B3R,,,Halifax,NS,
Malcom's Plumbing Service,,,902-880-7997,B3L,,,Halifax,NS,
Amherst Plumbing & Drains,,,902-667-9686,B4H,,,Amherst,NS,
Rollie Plumbing & Heating,,,902-471-2340,B3P,,,Halifax,NS,
Red Seal Master Plumber,,,902-220-4460,B3K,,,Halifax,NS,
Certified Red Seal Plumber,,,902-880-1106,B3L,,,Halifax,NS,
Aim Pumps & Filtration,,,902-433-0010,B2V,,,Dartmouth,NS,
Beechville Plumbing & Heating,,,902-877-3941,B3T,,,Beechville,NS,
Shearwater Plumbing & Heating,,,902-412-7210,B0J,,,Shearwater,NS,
A&N Plumbing and Drain,,,902-717-1799,B2X,,,Dartmouth,NS,
C&M Plumbing & Heating,,,902-562-7510,B1P,,,Sydney,NS,
Sierra Electric and Plumbing,,,902-489-8778,B3M,,,Halifax,NS,
Winmill R H Electric Ltd,,,902-351-2660,B0K,,http://riverjohnheatpump.com/,River John,NS,
Pettis Plumbing & Drain Cleaning,,,902-895-3481,B6L,,http://www.pettisplumbing.ca/,Valley,NS,
Palmer Plumbing and Heating Ltd,,,902-538-7468,B0P,,http://palmer-plumbing-heating-ltd.business.site/,Berwick,NS,
Brad Isles Plumbing & Heating,,,902-247-5543,B0V,,,Digby,NS,
Stone's Plumbing & Heating,,,902-802-8667,B2W,,http://www.stonesplumbing.ca/,Dartmouth,NS,
Messenger Mechanical & Sheet Metal,,,902-742-2099,B5A,,,Yarmouth,NS,
Beav's Plumbing & Heating,,,902-471-0333,B4C,,https://beavsplumbing.com/,Lower Sackville,NS,
Joel Scott Plumbing & Heating,,,902-788-1793,B5A,,,Yarmouth,NS,
Rollie's Plumbing & Heating,,,902-477-0414,B3K,,http://www.facebook.com/1727567610795035,Halifax,NS,
Ben's Plumbing And Heating,,,902-401-9545,B2V,,http://www.fresh-clean-ducts.com/,Dartmouth,NS,
Evangeline Plumbing & Heating Ltd,,,902-542-5596,B0P,,,Wolfville,NS,
Carey R G Plumbing Doctor,,,902-678-7969,B4N,,http://www.pentairprodealer.com/,Kentville,NS,
Chester Electrical Plumbing & Heating,,,902-275-3737,B0J,,,Chester,NS,
South Shore Plumbing & Heating,,,902-275-4678,B0J,,https://www.facebook.com/southshoreheatingcooling,Chester,NS,
Walker's Plumbing & Heating,,,902-667-6113,B4H,,,Amherst,NS,
No Problem Plumbing & Electrical,,,902-685-2877,B0R,,,New Germany,NS,
Niagara Plumbing & Heating Ltd,,,902-827-3485,B0J,,http://www.facebook.com/1042265762497242,Head of Chezzetcook,NS,
Steven Schofield Plumbing & Heating,,,902-848-1258,B4P,,,Wolfville,NS,
Clan Henderson Plumbing & Heating,,,902-956-0352,B2N,,,Truro,NS,
Adam's Plumbing & Heating,,,902-856-2086,B5A,,,Yarmouth,NS,
Robert MacLean Plumbing & Heating,,,902-755-6112,B2H,,,New Glasgow,NS,
North End Plumbing & Heating,,,902-210-5715,B3K,,,Halifax,NS,
Natasha & Scott's Plumbing,,,902-272-2047,B5A,,,Yarmouth,NS,
Donald Carpenter Plumbing & Heating,,,902-740-3762,B5A,,,Yarmouth,NS,
William McKay Heating & Plumbing,,,902-755-6544,B2H,,,New Glasgow,NS,
Mark Ells Plumbing & Heating,,,902-754-9266,B2H,,,New Glasgow,NS,
Bailey's Plumbing & Heating,,,902-830-8854,B4A,,,Bedford,NS,
Ernst Wechsler Plumbing Services Ltd,,,902-456-9211,B3L,,,Halifax,NS,
Gary MacArthur Plumbing & Heating,,,902-485-4755,B0K,,,Pictou,NS,
Mark Ells Plumbing & Heating,,,902-485-9266,B0K,,,Pictou,NS,
Big Guy - Plumbing & Heating,,,902-449-1232,B3L,,,Halifax,NS,
Austin LaPierre Plumbing & Heating,,,902-802-2177,B4C,,,Lower Sackville,NS,
Patton's Plumbing & Heating,,,902-897-8363,B2N,,,Truro,NS,
Bushen Kevin Plumbing & Heating,,,902-530-2629,B4V,,,Bridgewater,NS,
Andy's Plumbing & Heating,,,902-830-3423,B3L,,,Halifax,NS,
Pictou County Plumbing Repair Service,,,902-695-5789,B2H,,,New Glasgow,NS,
Justin's Plumbing & Maintenance,,,902-830-8706,B2W,,,Dartmouth,NS,
McInnes Hugh Plumbing & Heating,,,902-458-8693,B3K,,,Halifax,NS,
Evia Plumbing & Heating Ltd,,,902-452-5716,B3P,,,Halifax,NS,
Alex's Plumbing & Electrical,,,902-209-4195,B4A,,,Bedford,NS,
MH Plumbing & Heating Inc,,,902-219-2191,B2V,,,Dartmouth,NS,
Paddock's Plumbing & Heating Inc,,,902-866-0141,B0N,,http://www.facebook.com/548511678834630,Mount Uniacke,NS,
J K V Plumbing & Heating,,,902-229-3431,B3M,,,Halifax,NS,
Dickie's Plumbing Heating & Water,,,902-350-2013,B0T,,,Liverpool,NS,
Barney's Plumbing Heating and Gas,,,902-448-0910,B3R,,http://barneysplumbing.ca/,Halifax,NS,
Ian Tate Plumbing & Heating Ltd,,,902-968-1616,B2G,,,Antigonish,NS,
McPhee's Plumbing&Heating Ltd,,,902-849-6532,B1A,,,Glace Bay,NS,
P W Plumbing & Heating Ltd,,,902-667-2473,B4H,,http://pwplumbingandheating.co.uk/,Amherst,NS,
Michael A Josey Building Services Ltd,,,902-462-2118,B2V,,http://www.facebook.com/198706740690087,Dartmouth,NS,
Andrew Selig's Plumbing & Heating,,,902-530-5227,B4V,,,Bridgewater,NS,
Edgecombe's Plumbing & Heating Ltd,,,902-798-5652,B0N,,,Windsor,NS,
Duke's Plumbing & Heating Services,,,902-877-4891,B2W,,,Dartmouth,NS,
Campbell's Plumbing and Heating Ltd,,,902-432-9148,B1P,,,Sydney,NS,
New Waterford Consolidated Hospital Diabetic Education,,,902-592-3327,B1H,,,New Waterford,NS,
Pettipas Heat Pump & Plumbing Service,,,902-471-0068,B3R,,,Halifax,NS,
R F Welsh Plumbing & Heating,,,902-454-4000,B3K,,,Halifax,NS,
Leaky Lou's Plumbing and Heating,,,902-837-5551,B0W,,,Weymouth,NS,
Jay's Chimney Sweep & Plumbing,,,902-599-2637,B4N,,,Kentville,NS,
C & M Plumbing & Heating,,,902-578-8889,B1P,,,Sydney,NS,
Dillman M W Plumbing (2000) Ltd,,,902-384-2656,B0J,,,Musquodoboit Harbour,NS,
Parsons & Sons Plumbing & Heating,,,902-864-9188,B4C,,,Lower Sackville,NS,
K P's Plumbing And Heating,,,902-538-9891,B0P,,,Berwick,NS,
Bray's Plumbing & Heating Ltd,,,902-863-2681,B2G,,,Antigonish,NS,
Trevor Whynot's Plumbing & Heating,,,902-677-2888,B4V,,,Bridgewater,NS,
Ellis O Wile & Son Ltd,,,902-543-3908,B4V,,https://www.facebook.com/Ellis-O-Wile-Son-1987-Ltd-119969906505659/,Bridgewater,NS,
J D Nelson Plumbing & Heating Ltd,,,902-899-5993,B2N,,,Truro,NS,
St Margaret's Bay Plumbing & Heating,,,902-823-3206,B0J,,,Tantallon,NS,
Paul The Plumber Plumbing & Heating Solutions,,,902-499-2393,B3L,,,Halifax,NS,
B A S S Plumbing & Heating,,,902-691-1124,B4N,,,Kentville,NS,
Boudreau's Pat Plumbing & Heating Ltd,,,902-678-8296,B4N,,,Kentville,NS,
New Waterford Consolidated Hospital Patient Rooms Only,,,902-862-7121,B1H,,,New Waterford,NS,
A.R. Langille's Plumbing And Heating,,,902-897-4432,B2N,,,Truro,NS,
Two Brother Plumbing & Heat Pump Installation,,,902-456-4592,B3M,,,Halifax,NS,
Baxter G C Plumbing & Heating Ltd,,,902-538-7474,B0P,,,Berwick,NS,
New Waterford Consolidated Hospital Mental Health Services Physiotherapy,,,902-592-3323,B1H,,,New Waterford,NS,
MacDonell's Small Jobs Renovations Plumbing & Mi ni Excavting,,,902-362-2837,B5A,,,Yarmouth,NS,
Aqualab Plumbing Services,,,902-681-3411,B4N,,http://www.aqualabplumbingservices.com/,Kentville,NS,
ProTech Renos,,,902-499-9908,B3L,,,Halifax,NS,
LMB Plumbing and Heating Inc,,,902-497-3393,B3L,,https://www.lmbplumbingandheating.com/,Halifax,NS,
CCR Plumbing & Heating,,,902-599-1320,B4N,,https://www.facebook.com/profile.php?id=100064107940731,Kentville,NS,
Mike Bourque's Plumbing & Heating Services,,,902-307-1001,B5A,,http://mikebourquesplumbingandheating.ca/,Yarmouth,NS,
Darrin Rix Plumbing & Heating,,,902-580-3556,B2Z,,https://www.facebook.com/rixplumbinghalifax/,Lawrencetown,NS,
Those Guys Plumbing & Electrical,,,902-754-3301,B2H,,https://www.facebook.com/ThoseGuysPE/,New Glasgow,NS,
DG Plumbing and Heating,,,902-495-9326,B3K,,http://www.facebook.com/118718928687869,Halifax,NS,
Falcon Plumbing & Heating,,,902-305-4501,B2N,,,Truro,NS,
EDC Plumbing & Gas Services,,,902-318-1487,B2G,,,Antigonish,NS,
Riverfront Contractors Limited,,,902-258-2037,B0E,,,Inverness,NS,
Drummond's Plumbing & Heating Ltd,,,902-488-0268,B3L,,,Halifax,NS,
Pothier Plumbing & Heating,,,902-403-3774,B3P,,,Halifax,NS,
Otter Plumbing and Heating,,,902-657-3390,B0K,,,Tatamagouche,NS,
Bickerton's Plumbing & Heating,,,902-669-0566,B4H,,,Amherst,NS,
B.A.S.S Plumbing & Heating,,,902-691-2354,B4N,,,Kentville,NS,
K M Best Plumbing & Heating Ltd,,,902-678-4555,B4N,,,Kentville,NS,
True Flow Plumbing Solutions,,,902-814-9630,B0N,,,Truro,NS,
Plumbing Ursule,,,902-880-8270,B3L,,,Halifax,NS,
TR Plumbing and Renovations,,,902-441-6566,B3K,,,Halifax,NS,
Maple Leaf Plumbing,,,902-830-3576,B3M,,,Halifax,NS,
Island Wide Plumbing & Heating LTD.,,,902-322-0216,B1V,,,Sydney Mines,NS,
A1 Plumbing & Heating,,,902-385-9449,B3L,,,Halifax,NS,
King Fix Plumbing,,,902-830-1078,B3K,,,Halifax,NS,
Ellis O Wile & Son (87) Ltd,,,902-543-3908,B4V,,,Bridgewater,NS,
Certified Plumbers,,,902-431-2356,B3K,,,Halifax,NS,
Classic Plumbing & Heating Limited,,,902-832-9293,B4A,,,Bedford,NS,
Gould W M Plumbing & Heating,,,902-538-9268,B0P,,,Berwick,NS,
Down The Drain Plumbing,,,902-789-3127,B2W,,,Dartmouth,NS,
Mechanical Flood Protection,,,902-397-4938,B2Y,,https://www.mechanicalfloodprotection.com/,Dartmouth,NS,
ZMP Plumbing & Excavation,,,902-957-3422,B2N,,https://ZMPPLUMBING.COM/,Truro,NS,
Drainbusters,,,902-830-8743,B2X,,http://drainbustersns.com/,Dartmouth,NS,
R&M Plumbing LTD,,,902-877-8525,B2X,,https://rmplumbingltd.ca/,Dartmouth,NS,
"Bird Stairs (Halifax) - Plumbing, Heating & Elec trical",,,902-455-1663,B3K,,,Halifax,NS,
Oceanside Plumbing Inc,,,902-277-0753,B0J,,,Chester,NS,
Blades and Son Electrical and Plumbing,,,902-742-8518,B5A,,,Yarmouth,NS,
Mainline Plumbing And Heating,,,902-483-1389,B3P,,,Halifax,NS,
Plumber for hire,,,902-790-3650,B0N,,,Windsor,NS,
Burtch Plumbing,,,782-414-5178,B4G,,,Beaver Bank,NS,
DBI plumbing and heating,,,902-549-0380,B1V,,,Sydney Mines,NS,
East Coast Plumbing Solutions,,,902-222-0794,B2X,,,Dartmouth,NS,
Fix Her Up Plumbing & Cleaning,,,902-448-8489,B2W,,,Dartmouth,NS,
Plumbing Services,,,902-809-9316,B3L,,,Halifax,NS,
Palmer Plumbing & Construction,,,902-957-3422,B2N,,,Truro,NS,
Unlocke Pipe Services,,,902-814-7495,B2N,,,Truro,NS,
RA Mechanical,,,902-872-3330,B4N,,,Kentville,NS,
Plumber/Pipefitter for hire,,,902-401-1744,B3K,,,Halifax,NS,
Bedford Plumbing And Heating Ltd,,,902-835-5106,B4A,,,Bedford,NS,
Bonins Plumbing,,,902-476-4191,B3R,,,Halifax,NS,
Plumber Cole Harbour,,,902-717-4705,B2V,,,Dartmouth,NS,
Charlie's Plumbing and Bath,,,902-305-6494,B2N,,,Truro,NS,
Cape Breton Plumber,,,902-932-7209,B1P,,,Sydney,NS,
Justin Tyme Plumbing,,,902-824-4722,B0S,,,Middleton,NS,
Mathews Plumbing,,,902-680-8948,B4N,,,Kentville,NS,
High Country Mechanical,,,902-956-1669,B2N,,,Truro,NS,
ClarTell Plumbing & Heating,,,902-577-6726,B1V,,,Sydney Mines,NS,
Tri-Quest,,,902-332-3380,B0K,,,WESTVILLE,NS,
England Plumbing,,,902-223-6650,B3L,,,Halifax,NS,
Reg Plumbing & Heating,,,902-545-2260,B4H,,,Amherst,NS,
Clear Pipe Mechanical Limited,,,902-701-0300,B3H,,,Halifax,NS,
Cove Plumbing & Heating,,,902-579-5376,B1V,,,Sydney Mines,NS,
Red seal plumber,,,902-790-6683,B0N,,,Windsor,NS,
Jr's Plumbing Heating Limited,,,902-468-3002,B4A,,,Bedford,NS,
Steven Plummer's Plumbing,,,902-354-4204,B0T,,,Liverpool,NS,
Fletcher R & S Plumbing & Heating Ltd,,,902-798-6125,B0N,,,Windsor,NS,
Prime Plumbing & Heating Inc.,,,902-402-7312,B2W,,,Dartmouth,NS,
RT Plumbing,,,902-220-1956,B3L,,,Halifax,NS,
PLUMBING SERVICES,,,902-210-2507,B3M,,,Halifax,NS,
Accent plumbing and heating,,,902-701-9307,B4G,,,Beaver Bank,NS,
Joe Rolfe Plumber,,,782-882-7807,B4C,,,Lower Sackville,NS,
Bear Mechanical Plumbing & Heating Ltd.,,,902-293-2766,B3R,,,Herring Cove,NS,
Matts Plumbing Services,,,902-877-5326,B3L,,,Halifax,NS,
TGN Plumbing And Heating,,,902-225-5823,B2W,,,Dartmouth,NS,
Hydronicks Plumbing & Heating,,,902-880-1584,B2V,,,Dartmouth,NS,
Lu's Plumbing,,,506-476-8653,B0N,,,Shubenacadie,NS,
M & M Plumbing & Heating Ltd,,,902-678-1585,B4N,,,Kentville,NS,
Nordview Plumbing,,,902-599-2545,B4N,,,Kentville,NS,
David Carey Plumbing And Heating,,,902-678-1477,B4N,,,Kentville,NS,
RoyCo Plumbing,,,902-875-7830,B0T,,,Shelburne,NS,
Green Gasfitting,,,902-789-7715,B0N,,,Shubenacadie,NS,
Lighthouse Plumbing Ltd,,,902-986-3073,B2N,,,Truro,NS,
Pace Plumbing & Heating Ltd,https://www.bbb.org/ca/ns/halifax/profile/plumber/pace-plumbing-heating-ltd-0087-4301,A+,(902) 477-6747,B3P 2C8,"34 Winchester Avenue Halifax, NS",https://paceplumbing.ca,Halifax,NS,
David Canning Heat & Maintenance,https://www.bbb.org/ca/ns/halifax/profile/heating-contractors/david-canning-heat-maintenance-0087-23257,A+,(902) 434-7341,B3P 1X7,"66 Inverness Ave Halifax, NS",,Halifax,NS,
Dimitri's Plumbing & Heating Limited,https://www.bbb.org/ca/ns/halifax/profile/plumber/dimitris-plumbing-heating-limited-0087-42693,A+,(902) 830-9005,B3M 4H4,"PO Box 25141 Halifax, NS",http://dimitrisplumbing.com,Halifax,NS,
Gil-Son Construction Limited,https://www.bbb.org/ca/ns/halifax/profile/general-contractor/gil-son-construction-limited-0087-37985,A+,(902) 450-5604,B3S 1B8,"48 Lovett Lake Crescent Halifax, NS",https://gilsonconstruction.com,Halifax,NS,
Bremner's Plumbing & Heating Ltd.,https://www.bbb.org/ca/ns/halifax/profile/plumber/bremners-plumbing-heating-ltd-0087-703,A+,(902) 450-5440,B3S 1B7,"40 Ash Lake Court Halifax, NS",https://bremners.ca,Halifax,NS,
MacKenzie Professional Plumbing & Heating Inc.,https://www.bbb.org/ca/ns/dartmouth/profile/plumbing-and-heating/mackenzie-professional-plumbing-heating-inc-0087-88408,A+,(902) 789-9984,B2Y 3L6,"Dartmouth, NS",https://mackenzieplumbing.com,Dartmouth,NS,
Maritime HVAC,https://www.bbb.org/ca/ns/dartmouth/profile/heating-and-air-conditioning/maritime-hvac-0087-70880,A+,(902) 414-6000,B3B 1H7,"100-2 Ralston Avenue Dartmouth, NS",https://maritimehvac.ca,Dartmouth,NS,
Carvery's Construction Limited,https://www.bbb.org/ca/ns/dartmouth/profile/general-contractor/carverys-construction-limited-0087-24346,A+,(902) 463-2513,B3B 1H7,"Dartmouth, NS",http://carverys.com,Dartmouth,NS,
Pothier Plumbing and Heating Inc.,https://www.bbb.org/ca/ns/dartmouth/profile/plumbing-and-heating/pothier-plumbing-and-heating-inc-0087-69819,A+,(902) 403-3774,B2W 1H7,"Dartmouth, NS",https://pothierplumbing.ca,Dartmouth,NS,
Ryson Construction,https://www.bbb.org/ca/ns/dartmouth/profile/commercial-contractors/ryson-construction-0087-25465,A+,(902) 404-3127,B3B 1T2,"50 Raddall Ave, Unit 1, Dartmouth, NS",https://ryson.ca,Dartmouth,NS,
Jim Kimber Construction,https://www.bbb.org/ca/ns/dartmouth/profile/general-contractor/jim-kimber-construction-0087-37958,A+,(902) 468-8413,B3B 1X3,"21 Williams Ave, Unit 201 Dartmouth, NS",https://jimkimber.com,Dartmouth,NS,
Gopher Plumbing & Hydronic Heating Inc.,https://www.bbb.org/ca/ns/dartmouth/profile/plumbing-and-heating/gopher-plumbing-hydronic-heating-inc-0087-90005,A,(902) 880-0756,B2W 1R7,"Dartmouth, NS",http://gopherplumbing.ca,Dartmouth,NS,
Roski Mechanical,https://www.bbb.org/ca/ns/dartmouth/profile/plumbing-and-heating/roski-mechanical-0087-90465,A,(902) 333-7167,B2X 3T7,"Dartmouth, NS",http://roskimechanical.ca,Dartmouth,NS,
Ken Evans Plumbing & Heating Ltd.,https://www.bbb.org/ca/ns/dartmouth/profile/plumber/ken-evans-plumbing-heating-ltd-0087-909,A+,(902) 466-9649,B2Y 3S4,"355 Pleasant Street Dartmouth, NS",http://kenevansplumbing.com,Dartmouth,NS,
Dartmouth Central Plumbing & Heating Ltd.,https://www.bbb.org/ca/ns/eastern-passage/profile/plumber/dartmouth-central-plumbing-heating-ltd-0087-25036,A+,(902) 465-6057,B3G 1M6,"1046 Main Road Eastern Passage, NS",,Eastern Passage,NS,
Master Tech HVAC and Plumbing,https://www.bbb.org/ca/ns/bedford/profile/plumber/master-tech-hvac-and-plumbing-0087-9062,A+,902-468-1337,B4B 1J7,"Unit 6 - 387 Bluewater Road Bedford, NS",https://mastertechhvac.ca,Bedford,NS,
Sir Fix A Lot Inc.,https://www.bbb.org/ca/ns/dartmouth/profile/home-repair/sir-fix-a-lot-inc-0087-89732,A+,(902) 462-1051,B2V 2S9,"Dartmouth, NS",https://sirfixalot.ca,Dartmouth,NS,
AMACS Plumbing and Heating,https://www.bbb.org/ca/ns/westphal/profile/plumbing-and-heating/amacs-plumbing-and-heating--0087-90957,A+,(902) 229-4679,B2W 6H4,"Westphal, NS",http://amacs.ca,Westphal,NS,
"Joe's Plumbing, Heating and Air Conditioning Ltd.",https://www.bbb.org/ca/ns/hammonds-plains/profile/plumbing-and-heating/joes-plumbing-heating-and-air-conditioning-ltd-0087-72261,A+,(902) 333-3977,B4B 0S2,"Hammonds Plains, NS",https://joesplumbingheatingac.com,Hammonds Plains,NS,
Beav's Plumbing & Heating Limited,https://www.bbb.org/ca/ns/portuguese-cove/profile/plumber/beavs-plumbing-heating-limited-0087-18951,A+,(902) 471-0333,B3V 1K2,"754 Ketch Harbour Rd Portuguese Cove, NS",http://beavsplumbing.com,Portuguese Cove,NS,
Accent Plumbing & Heating Ltd.,https://www.bbb.org/ca/ns/upper-tantallon/profile/plumber/accent-plumbing-heating-ltd-0087-20009,A+,(902) 832-5222,B3Z 0P6,"PO Box 42015, Upper Tantallon Post Office Upper Tantallon, NS",https://accentplumbing.ca,Upper Tantallon,NS,
Jeffries Plumbing Ltd.,https://www.bbb.org/ca/ns/halifax/profile/plumber/jeffries-plumbing-ltd-0087-86003,A+,(902) 877-7761,B3Z 1P9,"Halifax, NS",https://jeffriesplumbing.ca,Halifax,NS,
Lee Castle Plumbing Ltd.,https://www.bbb.org/ca/ns/fletchers-lake/profile/plumber/lee-castle-plumbing-ltd-0087-18024,A+,(902) 860-0270,B2T 1J3,"21 Holland Road Fletcher's Lake, NS",http://leecastleplumbingltd.com,Fletcher's Lake,NS,
AllTime Mechanical Ltd.,https://www.bbb.org/ca/ns/head-of-saint-margarets-bay/profile/mechanical-contractors/alltime-mechanical-ltd-0087-74409,A+,(902) 471-1560,B3Z 1X8,"Head Of Saint Margarets Bay, NS",https://alltimemechanical.com,Head Of Saint Margarets Bay,NS,
Gary's Plumbing & Heating Ltd.,https://www.bbb.org/ca/ns/mount-uniacke/profile/plumber/garys-plumbing-heating-ltd-0087-25014,A+,(902) 252-2899,B0N 1Z0,"8 Mill Road Forks Mount Uniacke, NS",https://garys-plumbing-heating-ltd.business.site,Mount Uniacke,NS,
D & S Renovations,https://www.bbb.org/ca/ns/pine-grove/profile/home-renovation/d-s-renovations-0087-47870,A+,(902) 706-3077,B0N 1Y0,"Pine Grove, NS",https://dsrenovations.com,Pine Grove,NS,
MacGregor Brown Plumbing & Heating,https://www.bbb.org/ca/ns/mount-uniacke/profile/plumbing-and-heating/macgregor-brown-plumbing-heating-0087-89938,A,(902) 880-4297,B0N 1Z0,"Mount Uniacke, NS",http://macgregorbrownplumbingandheating.ca,Mount Uniacke,NS,
Millennium Residential Construction Inc.,https://www.bbb.org/ca/ns/bridgewater/profile/home-builders/millennium-residential-construction-inc-0087-27039,A+,(902) 521-3159,B4V 8X6,"PO Box 479 Bridgewater, NS",https://millenniumresidential.ca,Bridgewater,NS,
ZMP Plumbing and Excavation,https://www.bbb.org/ca/ns/greenfield/profile/plumber/zmp-plumbing-and-excavation-0087-82532,A+,(902) 957-3422,B6L 3L9,"Greenfield, NS",https://zmpplumbing.ca,Greenfield,NS,
G.C. Baxter Plumbing & Heating Limited,https://www.bbb.org/ca/ns/cambridge/profile/plumber/gc-baxter-plumbing-heating-limited-0087-332,A+,902-538-7549,B0P 1G0,"33 Cambridge Park Drive Cambridge, NS",https://baxtergroup.ca/,Cambridge,NS,
True Flush Plumbing and Heating,https://www.bbb.org/ca/ns/canning/profile/plumber/true-flush-plumbing-and-heating--0087-45082,A+,902-692-1349,B0P 1H0,"1399 Black Hole Road Canning, NS",https://www.trueflushplumbing.com/,Canning,NS,
Palmer Plumbing and Heating Ltd.,https://www.bbb.org/ca/ns/berwick/profile/plumber/palmer-plumbing-and-heating-ltd-0087-31998,A+,902-538-7468,B0P 1E0,"161 Orchard Street Berwick, NS",https://www.facebook.com/palmerplumbingandheating/,Berwick,NS,
TNB Plumbing Heating Air Conditioning Ltd,https://www.bbb.org/ca/ns/westville/profile/plumber/tnb-plumbing-heating-air-conditioning-ltd-0087-30012,A+,902-396-5439,B0K 2A0,"5457 Highway 376 Westville, NS",https://tnbplumbing.ca/,Westville,NS,
R.H. Winmill Electric Ltd.,https://www.bbb.org/ca/ns/river-john/profile/electrician/rh-winmill-electric-ltd-0087-3398,A+,902-351-2694,B0K 1N0,"P.O. Box 100 River John, NS",,River John,NS,
Ian J. Tate Plumbing & Heating Limited,https://www.bbb.org/ca/ns/antigonish/profile/plumber/ian-j-tate-plumbing-heating-limited-0087-41462,A+,902-863-3266,B2G 2L3,"4950 Dunmore Rd, Antigonish",http://tateplumbing.ca,Antigonish,NS,
Ian J. Tate Plumbing & Heating Limited,https://www.bbb.org/ca/ns/st-andrews/profile/plumber/ian-j-tate-plumbing-heating-limited-0087-41462/addressId/40467,A+,902-863-3266,B0H 1X0,"P.O. Box 106, St. Andrews",http://tateplumbing.ca,St. Andrews,NS,
J & D Electrical & Plumbing Limited,https://www.bbb.org/ca/ns/digby-co/profile/electrician/j-d-electrical-plumbing-limited-0087-17114,A+,902-637-6040,B0W 3T0,"60 Weymouth Falls Road, PO Box 27",,Weymouth,NS,
Graves Electrical Ltd.,https://www.bbb.org/ca/ns/yarmouth/profile/electrician/graves-electrical-ltd-0087-18319,A+,902-742-9608,B5A 4B3,"273 Forest Street, Yarmouth",http://graveselectrical.ca,Yarmouth,NS,
Graves Electrical Ltd.,https://www.bbb.org/ca/ns/yarmouth/profile/electrician/graves-electrical-ltd-0087-18319/addressId/2906,A+,902-742-9608,B5A 4B3,"P.O. Box 306, Yarmouth",http://graveselectrical.ca,Yarmouth,NS,
Ignite Energy Atlantic,,,+19027178984,B2V 2R3,"59 Carnaby Cres Dartmouth, NS B2V 2R3 Canada",https://www.igniteatlinc.ca/,Dartmouth,NS,Yes
R H Winmill Electric Limited,,,+19023512660,B0K 1N0,"1995 Hwy 6 River John, NS B0K 1N0 Canada",http://winmillelectric.ca/,River John,NS,Yes
W McNeil Electrical Contracting,,,+19023229233,B1H 5K3,"5854 Seaside Drive Gardiner Mines, NS B1H 5K3 Canada",https://www.wmcneil.com/,Gardiner Mines,NS,Yes
"Tony Rhynold Electrical, Plumbing & Heating Ltd.",,,+19022297878,B4C 4E9,"477 Cobequid Road, Unit # 8 Lower Sackville, NS B4C 4E9 Canada",https://www.tonyrhynold.com/,Lower Sackville,NS,Yes
Aim Electrical and Plumbing Services,,,9024978342,B3E 1N3,"251 Rosehip Lane Lake echo, NS B3E 1N3 Canada",https://toilettruck.com/,Lake Echo,NS,Yes
White Rock Mechanical Services,,,+19023653445,B4N 3V7,"51 Chipman Drive Kentville, NS B4N 3V7 Canada",https://www.whiterockmech.com/,Kentville,NS,Yes
Magliaro Plumbing & Heating LTD,,,9023046115,B1N 1G1,"17 Meadow St Sydney, NS B1N 1G1 CA",N / A,Sydney,NS,Yes
PR General Contractors Inc.,,,9022217346,B2Y 4T6,"101 RESEARCH DRIVE DARTMOUTH, NS B2Y 4T6 Canada",https://www.prcontractors.ca/,Dartmouth,NS,Yes
Evergreen Electric Ltd,,,+19027060348,B3B 1G6,"20 Wright Avenue Unit 3 Dartmouth, NS B3B 1G6 Canada",https://www.evergreenelectric.ca/,Dartmouth,NS,Yes
First Choice Sewer Inspection and Drain Cleaning Limited,,,9025654113,B1E 1G8,"1 Official Row Reserve Mines, NS B1E 1G8 Canada",https://www.firstchoicesewers.com/,Reserve Mines,NS,Yes
Graves Electrical Ltd,,,9027429372,B5A 4B3,"273 Forest St Yarmouth, NS B5A 4B3 Canada",https://www.donedifferent.ca/,Yarmouth,NS,Yes
Ready Refrigeration Inc.,,,+19022523128,B4C 4G3,"7 Murdock Mackay Court Lower Sackville, NS B4C 4G3 Canada",https://readyrefrigeration.ca/,Lower Sackville,NS,Yes
Corkum's Electrical Sales & Service Ltd,,,+19028400097,B0P 1R0,"619 Elm Lane Kingston, NS B0P 1R0 Canada",,Kingston,NS,Yes
Metro Commercial Heating and Cooling Limited,,,+19022259276,B3T 1S3,"106 Brookside Road Brookside, NS B3T 1S3 Canada",,Brookside,NS,Yes
Rhyno's Ltd,,,+19025434737,B4V 2V6,"250 North Street Bridgewater, NS B4V 2V6 Canada",,Bridgewater,NS,Yes
JJ's Heat Pump and Electric,,,+19024716108,B3L 2P5,"6535 Chester ave Halifax, NS B3L 2P5 Canada",https://www.jjsheatpumpandelectric.com/,Halifax,NS,Yes
Scotia Mechanical Solutions,,,+19024766445,B2Z 1A9,"12 Neilson Drive Dartmouth, NS B2Z 1A9 Canada",http://www.scotiamechanical.ca/,Dartmouth,NS,Yes
White Rock Mechanical Services,,,+19023653445,B4N 3V7,"51 Chipman Drive Kentville, NS B4N 3V7 Canada",https://www.whiterockmech.com/,Kentville,NS,Yes
Ignite Energy Atlantic,,,+19027178984,B2V 2R3,"59 Carnaby Cres Dartmouth, NS B2V 2R3 Canada",https://www.igniteatlinc.ca/,Dartmouth,NS,Yes
MacLaren Appliance Repair & Refrigeration Ltd,,,+19026785400,B4N 3V7,"25 Chipman Drive Kentville, NS B4N 3V7 Canada",https://www.maclarenappliance.ca/,Kentville,NS,Yes
Nova Dry Basement Systems 2024 Limited,,,9024066060,B2X 2T3,"166 Braemar Drive Dartmouth, NS B2X 2T3 Canada",https://www.novadrybasements.com/,Dartmouth,NS,Yes
EMCO Corporation,,,+19024684507,B3B 1P2,"90 Wright Ave Dartmouth, NS B3B 1P2 Canada",https://emco.ca/,Dartmouth,NS,Yes
Geddes & Murphy Electric Ltd,,,+19027511675,B0N 1C0,"599 Brentwood Rd Brookfield, NS B0N 1C0 CA",https://www.gmelectricltd.com/,Brookfield,NS,Yes
Halls Heating Air Conditioning & Maintenance Ltd,,,+19025781961,B1P 3C5,"44 Reeves Street Sydney, NS B1P 3C5 Canada",https://www.hallshvac.ca/,Sydney,NS,Yes
WB Electrical Ltd,,,+19028184055,B0N 1Z0,"151 Piggott Lake Rd Mt Uniacke, NS B0N 1Z0 Canada",https://whitfordbrotherselectricalltd.ca/,Mt Uniacke,NS,Yes
High Island Electric,,,+19026231605,B2H 1Z9,"154 Willow Avenue New Glasgow, NS B2H 1Z9 Canada",https://highislandelectric.ca/,New Glasgow,NS,Yes
L&B Electric Ltd.,,,+19025439966,B4V 3V4,"94 Wentzell Drive Bridgewater, NS B4V 3V4 Canada",https://landbelectric.com/,Bridgewater,NS,Yes
Len's Plumbing & Heating Ltd,,,+19025432353,B4V 3J8,"164 Logan Road Bridgewater, NS B4V 3J8 Canada",https://www.rhynosltd.com/,Bridgewater,NS,Yes
W McNeil Electrical Contracting,,,+19023229233,B1H 5K3,"5854 Seaside Drive Gardiner Mines, NS B1H 5K3 Canada",https://www.wmcneil.com/,Gardiner Mines,NS,Yes
Pankhurst Electric Ltd,,,+19028995353,B0K 1V0,"8437 Highway 311 Tatamagouche, NS B0K 1V0 Canada",,Tatamagouche,NS,Yes
Brian G. Inglis Consulting,,,+19028304628,B4A 0H3,"220 Waterfront Drive Bedford, NS B4A 0H3 Canada",,Bedford,NS,Yes
Master Tech HVAC & Plumbing Inc,,,+19024681337,B4B 1J7,"6-387 Bluewater Road Bedford, NS B4B 1J7 Canada",https://www.mastertech.ca/,Bedford,NS,Yes
Rexel Atlantic,,,+19024821550,B3B 0B4,"161 Williams Avenue Dartmouth, NS B3B 0B4 Canada",https://www.atlantic.rexel.ca/,Dartmouth,NS,Yes
J W Bird and Company Ltd,,,+19022299134,B3B 0A8,"171 John Savage Avenue Dartmouth, NS B3B 0A8 Canada",https://www.birdstairs.com/,Dartmouth,NS,Yes
R H Winmill Electric Limited,,,+19023512660,B0K 1N0,"1995 Hwy 6 River John, NS B0K 1N0 Canada",http://winmillelectric.ca/,River John,NS,Yes