name,phone,fsa,ai_reputation_score,bbb_rating,reviews_source,website
Adam Baltzer Plumbing & Heating,,B0P,70.0,,,
MacGregor Brown Plumbing & Heating,,B0N,70.0,,,
Dalton Jodrey Plumbing & Heating Ltd,,B0R,70.0,,,
Drainbusters,,B3K,70.0,,,
Accent Plumbing&Heating Ltd,,,70.0,,,
HPH Mechanical Ltd,,B3T,70.0,,,
Mason's Plumbing and Heating,,B0J,70.0,,,
GJS Plumbing & Heating,,,70.0,,,
Duncan's Plumbing Heating & Filtration,,B5A,70.0,,,
Vance Plumbing & Heating LTD,,B2H,70.0,,,
C & J Brothers Plumbing Heating & VentilationInc,,B2N,70.0,,,
Nauffts Plumbing & Heating,,B2T,70.0,,,
Colby & Forest Hills Plumbing & Heating Ltd,,B2V,70.0,,,
Kelsy's Plumbing Heating & Ventilation,,B2N,70.0,,,
Drain Surgeons,,B2X,70.0,,,
City Wide Mechanical Inc,,B2W,70.0,,,
Mr Rooter Plumbing of Halifax,,B3T,70.0,,,
A.L.A. Plumb-Rite Ltd,,B4P,70.0,,,
Bradsons Plumbing & Heating Ltd.,,B1Y,70.0,,,
Bremner's Plumbing & Heating,,B3S,70.0,,,
AAA Plumbing & Heating,,B2A,70.0,,,
"TNB Plumbing, Heating, Air Conditioning Ltd.",,B0K,70.0,,,
Arrow Plumbing & Heating,,B3M,70.0,,,
True Flush Plumbing & Heating,,B0P,70.0,,,
Glasgow Plumbing and Heating,,B2H,70.0,,,
Troy's Plumbing & Heating,,,70.0,,,
W MacLean's Plumbing & Heating,,B0K,70.0,,,
Blanchard R S Plumbing & Heating Ltd,,B0N,70.0,,,
Len's Plumbing & Heating,,B4V,70.0,,,
Gary's Plumbing & Heating Ltd,,B0N,70.0,,,
MacLeod's Fuels - Plumbing & Heating,,B1H,70.0,,,
Ken Evans Plumbing & Heating Ltd,,B2Y,70.0,,,
John C MacKay Plumbing & Heating Ltd,,B0N,70.0,,,
D & T Heating & Plumbing Ltd,,B0N,70.0,,,
N.J. Armstrong Plumbing & Heating Ltd,,,70.0,,,
Troy's Plumbing & Heating,,,70.0,,,
Henderson J D Plumbing & Heating,,B6L,70.0,,,
Brass-T Plumbing and Heating,,B2N,70.0,,,
Tradesmen Plumbing Heating & Ventilation,,B2N,70.0,,,
Porter Mechanical Contractors,,B6L,70.0,,,
Blenkhorn's Drain Cleaning & Property Services,,B2N,70.0,,,
Brice?s Plumbing & Handyman Service?s,,B0N,70.0,,,
Blanchard R S Plumbing & Heating Ltd,,B0N,70.0,,,
MacKay John C Plumbing & Heating Ltd,,B0N,70.0,,,
BMC Contracting Ltd,,B2N,70.0,,,
Brylee's Plumbing Services,,B2N,70.0,,,
My Plumber,,B2N,70.0,,,
Fitz Plumbing Contractors Ltd,,,70.0,,,
EMCO Corporation,,B2N,70.0,,,
Patton's Plumbing & Heating,,B6L,70.0,,,
Gilmour Plumbing,,B0N,70.0,,,
Chris Boyd Plumbing Heating & Ventilation,,B6L,70.0,,,
White's Plumbing&Heating,,,70.0,,,
Steady Flow Mechanical,,B0N,70.0,,,
Archibald's Plumbing&Heating,,,70.0,,,
W MacLean's Plumbing & Heating,,B0K,70.0,,,
Davies Plumbing & Heating,,B2S,70.0,,,
Davies Plumbing & Heating Ltd,,B2S,70.0,,,
Scotia Plumbing,,B0K,70.0,,,
Better Call Paul Plumbing Ltd,,B0K,70.0,,,
Frank Parkers Plumbing Heating,,B0K,70.0,,,
Marcott Plumbing & Heating,,B0K,70.0,,,
Gordon Black Plumbing & Heating,,,70.0,,,
TNB Plumbing,,B0K,70.0,,,
Al's Plumbing & Heating,,B2H,70.0,,,
Lila's Plumbing & Odd Jobs,,,70.0,,,
EMCO Corporation,,B2H,70.0,,,
Vance Plumbing & Heating LTD,,B2H,70.0,,,
Those Guys Plumbing & Electrical Ltd.,,,70.0,,,
North Shore Plumbing,,B0K,70.0,,,
North Nova Construction,,,70.0,,,
Ross Macdonald Plumbing & Burner Services,,B2H,70.0,,,
Ross Macdonald Plumbing & Burner Service Ltd,,B2H,70.0,,,
Hoetten Rolph Plumbing & Heating,,,70.0,,,
Maverick Plumbing Services,,,70.0,,,
Halverson Plumbing & Heating,,B0K,70.0,,,
Solstice Plumbing & Maintenance,,B2H,70.0,,,
Utma Hps,,B0J,70.0,,,
Gordon H Chapman Plbg & Htg,,,70.0,,,
Mike Chapman Heating & Plumbing Inc,,B0K,70.0,,,
Pettipas Plumbing & Septic Tank Pumping Services,,B0J,70.0,,,
MacGregor Brown Plumbing & Heating,,B0N,70.0,,,
Lee Castle's Plumbing & Heating,,B2T,70.0,,,
Eternity Mechanical,,B0K,70.0,,,
Homerun Plumbing & Renovations,,B4G,70.0,,,
Holloway's Plumbing & Heating,,B4G,70.0,,,
Doucets Plumbing & Heating Services,,B0N,70.0,,,
"Tony Rhynold Electrical, Plumbing And Heating Lt d.",,B0N,70.0,,,
Arrow Plumbing & Heating,,B0N,70.0,,,
AMT Plumbing & Heating Ltd,,B4G,70.0,,,
A&L Plumbing & Heating Inc.,,B2Z,70.0,,,
ACL Plumbing & Heating Ltd.,,B4G,70.0,,,
Willis Plumbing & Heating,,B2Z,70.0,,,
Dufferin Mechanical,,B0J,70.0,,,
"Tony Rhynold Electrical, Plumbing and Heating",,B4C,70.0,,,
Wilsons Home Heating,,B4C,70.0,,,
Celtic Plumbing & Heating,,B4C,70.0,,,
Drain Busters,,B4C,70.0,,,
Scotia Tech Fluid Services Ltd,,B3B,70.0,,,
Clean Connections Plumbing/Heating,,B2X,70.0,,,
Drain Surgeons,,B2X,70.0,,,
Tattrie's Plumbing,,B4E,70.0,,,
Thomas Martin Construction Ltd.,,B4C,70.0,,,
Dcn Plumbing & Construction,,B2W,70.0,,,
Twin Cities Plumbing & Htg Ltd,,B2X,70.0,,,
Permanent Results Plumbing & Heating Limited,,B4E,70.0,,,
"Bird Stairs (Dartmouth) - Plumbing, Heating & El ectrical",,B3B,70.0,,,
Cornell Video Inspection & Pipe Lining,,B4E,70.0,,,
Anchor Plumbing & Heating,,B4E,70.0,,,
Western Plumbing & Heating,,B3B,70.0,,,
Austin Lapierre Plumbing&Heating,,,70.0,,,
Eastern Plumbing & Heating Ltd,,B2X,70.0,,,
Eastern Plumbing,,K0C,70.0,,,
JB's Plumbing And Heating,,B4E,70.0,,,
Action Plumbing&Heating,,B4E,70.0,,,
Partington Sales,,B2V,70.0,,,
Halifax Plumbing and Heating,,B3B,70.0,,,
Atlantic Backflow Specialists Ltd,,B2W,70.0,,,
Total Plumbing Inc,,B3B,70.0,,,
McNair Bros Plumbing&Heating Ltd,,B4A,70.0,,,
Reliable Rooter,,B3B,70.0,,,
Al's Flat Rate Plumbing,,,70.0,,,
Gophers Plumbing,,B2W,70.0,,,
Gopher Plumbing & Hydronic Heating,,B2W,70.0,,,
EMCO Corporation,,B3B,70.0,,,
Parker Plumbing & Heating Ltd,,B3B,70.0,,,
W J Power Plumbing & Heating,,B3B,70.0,,,
EMCO Corporation,,B3B,70.0,,,
Integrated Commissioning and Certification,,B2Y,70.0,,,
Mister Hot Water Heater,,B2W,70.0,,,
Blackburn Bennett Plumbing & Heating Inc,,B2W,70.0,,,
Blackburn Bennett Plumbing & Heating Inc,,B2W,70.0,,,
ADT Security Services,,B3B,70.0,,,
Pentz Contracting,,B3A,70.0,,,
Plumbing Barn,,B2Y,70.0,,,
Dartmouth Plumbers Ltd,,B2Y,70.0,,,
Lindsay's Plumbing & Heating,,B3A,70.0,,,
Kdr Plumbing - Kevin Rendell,,B2Y,70.0,,,
East Coast Plumbing & Heating Ltd,,B2Y,70.0,,,
H2O Plumbing,,B4B,70.0,,,
Uniplex Plumbing & Renovation Ltd.,,B3A,70.0,,,
Macintosh Mechanical Plumbing Services,,B3M,70.0,,,
All Clear Drain Svc,,B3K,70.0,,,
Tanner Supply,,B3K,70.0,,,
Doctor Drain,,,70.0,,,
Alpha Plumbing & Heating Ltd,,,70.0,,,
A J Murphy Plumbing & Heating,,B3A,70.0,,,
Blackburn Bennett Plumbing & Heating Inc,,,70.0,,,
Ace Plumbing & Heating Ltd,,B3K,70.0,,,
Daniel Landry,,,70.0,,,
B.E Plumbing Services,,,70.0,,,
Dartmouth Central Plumbing & Heating,,B0J,70.0,,,
EMCO Corporation,,B3K,70.0,,,
T O Plumbing & Heating Ltd,,B4B,70.0,,,
Halifax Plumbing Pros,,,70.0,,,
Harbour City Plumbing and Renovations,,B3H,70.0,,,
Halifax Plumbing Experts,,B3H,70.0,,,
Trevor Wheatley's Plumbing & Heating ltd,,B3L,70.0,,,
In Fluid Products Canada,,B3L,70.0,,,
Kirk Heating Limited,,B4B,70.0,,,
Accord Pipe Lining Plumbing Services,,B3M,70.0,,,
"Plumb Line Osteopathy , Kara Muhlhausen",,B4B,70.0,,,
Main Drain Plumbing And Heating,,B3M,70.0,,,
Blanchard R S Plumbing&Heating Ltd,,,70.0,,,
Pace Plumbing & Heating Ltd,,B3P,70.0,,,
Bremner's Plumbing & Heating,,B3S,70.0,,,
Nolan Plumbing & Heating,,B3Z,70.0,,,
MacDonald C C Limited,,B3S,70.0,,,
JRK Plumbing,,B3R,70.0,,,
DC Heat & Maintenance Ltd,,B3R,70.0,,,
902 Plumbing & Heating,,B3T,70.0,,,
HPH Mechanical Ltd,,B3T,70.0,,,
Clean Flo Plumbing & Heating Ltd,,B3T,70.0,,,
Bear Mechanical Plumbing & Heating,,B3R,70.0,,,
Archangel Plumbing & Heating,,,70.0,,,
Tantallon Plumbing & Heating,,B3Z,70.0,,,
JEILD Plumbing Limited,,B3Z,70.0,,,
Eric J Dodge Plumbing Services,,,70.0,,,
Reynolds Plumbing & Heating Ltd,,B0P,70.0,,,
Donald's Burner & Plumbing Services Ltd,,B0P,70.0,,,
M C Plumbing And Heating,,B0P,70.0,,,
Robars' Tri-Service Ltd,,,70.0,,,
Suburban,,B3Z,70.0,,,
"Avonport Plumbing, Heating and Electrical Ltd",,B0P,70.0,,,
Parker R J Mechanical,,B3T,70.0,,,
Anaconda Plumbing,,B0P,70.0,,,
Tidal Mechanical Ltd,,B3T,70.0,,,
Tidal Mechanical Plumbing & Heating Services Ltd,,B3T,70.0,,,
Hardy Plumbing & Gas,,,70.0,,,
Luke's Plumbing and Heating Services,,B0P,70.0,,,
CA Smith Mechanical Ltd,,B2G,70.0,,,
Mr. Rooter Plumbing of Halifax,,B3T,70.0,,,
Haley J L Plumbing & Heating Ltd,,B2G,70.0,,,
Euro Plumbing & Heating,,B3T,70.0,,,
Brown & Smith Contractors Ltd,,B4P,70.0,,,
Annapolis Valley Plumbing & Heating Limited,,B4P,70.0,,,
Bill's Plumbing & Heating Service,,B4P,70.0,,,
Malcolm Stevens Plumbing and Heating,,B4N,70.0,,,
A L A Plumb-Rite,,B4P,70.0,,,
Chapman George B Plumbing & Heating,,B4H,70.0,,,
Mason's Plumbing and Heating,,B0J,70.0,,,
Adam Baltzer Plumbing & Heating,,B0P,70.0,,,
Wade Murphy Plumbing,,B0H,70.0,,,
David Carey Plumbing & Heating,,B4N,70.0,,,
Martell Mechanical,,,70.0,,,
Absolute Plumbing & Heating,,B4N,70.0,,,
Valley Burner Service,,B0P,70.0,,,
Keith Pulsifer's Plumbing & Heating,,,70.0,,,
Response Plumber,,B0P,70.0,,,
Ron Martin's Plumbing Heating & Electrical,,B4N,70.0,,,
Willow Renovations,,B4N,70.0,,,
Kings Plumbing & Heating,,,70.0,,,
GC Baxter Plumbing & Heating,,B0P,70.0,,,
K P's Plumbing & Heating,,B0P,70.0,,,
Carty's Plumbing & Heating Ltd,,B0P,70.0,,,
Baker Dave Plumbing & Heating,,,70.0,,,
Toshi Imai Plumbing And Heating Ltd,,,70.0,,,
Dale Smith's Plumbing & Heating,,B0P,70.0,,,
Jordan's Plumbing & Heating,,B0P,70.0,,,
Jason T. Greek Plumbing & Heating,,B0R,70.0,,,
No Problem Plumbing & Electrical,,B0J,70.0,,,
Conrads Pro Plumbing Heating Ltd,,B4V,70.0,,,
JBM Plumbing & Heating Ltd,,B4V,70.0,,,
Langille's Plumbing & Heating Ltd,,B4V,70.0,,,
Mr Plumber,,B4V,70.0,,,
Economical Plumbing Repairs,,B4V,70.0,,,
Rafuse G A Plumbing & Heating,,B4V,70.0,,,
Rafuse G A Plumbing & Heating,,B4V,70.0,,,
Langille's Peter Plumbing & Heating Ltd,,B4V,70.0,,,
Tapped In Plumbing & Heating,,B0R,70.0,,,
Rafuse Mechanical,,B0P,70.0,,,
Mike Hoogerwerf Plumbing & Heating,,B0S,70.0,,,
David Baker Plumbing & Heating,,B0P,70.0,,,
Marshall Wayne Plumbing & Heating Ltd,,B0S,70.0,,,
Kevin Bushen Plumbing & Heating,,B4V,70.0,,,
Scott Parks Plumbing Services,,,70.0,,,
Brian Bollivar Plumbing & Heating,,B4V,70.0,,,
Landry Brothers Home Hardware,,B0E,70.0,,,
Cole Cleveland?s Plumbing,,,70.0,,,
Sully Plumbing & Heating Ltd,,B0E,70.0,,,
Samsons Plumbing Heating Ltd,,,70.0,,,
LMD Plumbing,,B0S,70.0,,,
Bird Fred N Water & Sewerage Supply,,B0E,70.0,,,
Tate Plumbing & Heating - Cape Breton,,,70.0,,,
Plumber & Backflow Prevention Specialist,,B0T,70.0,,,
Plumbing & Backflow Prevention Specialist Inc,,B0T,70.0,,,
Backflow Prevention and Plumber,,B0T,70.0,,,
Parker Mountain Welding & Plumbing,,B0S,70.0,,,
River's Edge Plumbing,,,70.0,,,
Am Plumbing,,B0S,70.0,,,
Fougere's Plumbing & Heating,,,70.0,,,
Able Mechanical,,B0V,70.0,,,
Bell's Plumbing & Heating Services,,B1K,70.0,,,
Corsair Plumbing And Gas Ltd.,,B1J,70.0,,,
Hillside Heating and Plumbing,,B1Y,70.0,,,
Hemeon's Plumbing,,,70.0,,,
Precision Plumbing & Heating Ltd,,B1R,70.0,,,
Donovan & Associates Plumbing & Heating Ltd,,B1L,70.0,,,
Waterworks Plumbing,,B1L,70.0,,,
Stone Brothers Plumbing & Heating Ltd,,B1L,70.0,,,
Brian Jessome's Plumbing & Heating,,B1R,70.0,,,
A B Mechanical,,B2A,70.0,,,
Transit Plumbing And Heating Ltd,,B2A,70.0,,,
Mahon's Mechanical Ltd,,B1S,70.0,,,
SOS Plumbing and Heating,,B1S,70.0,,,
Thunderbird Plumbing and Heating,,B1S,70.0,,,
J&D Electrical And Plumbing Limited,,,70.0,,,
MacLean Bros Plumbing & Heating Co Ltd,,B1P,70.0,,,
Rud-Dun Plumbing Heating & Ventilation (1992) Limited,,,70.0,,,
Hillside Heating & Plumbing,,B1V,70.0,,,
Bramac Plumbing & Heating,,B5A,70.0,,,
GJS Plumbing & Heating,,,70.0,,,
JBM Plumbing & Heating Ltd,,,70.0,,,
Lynk Mechanical,,B1P,70.0,,,
Quinlan John Plumbing&Heating Contractor,,,70.0,,,
Alltrades Ltd.,,B1P,70.0,,,
At Ease Plumbing Ltd,,B1K,70.0,,,
KWR Plumbing & Heating,,B0W,70.0,,,
United Association Of Plumbers & Steamfitters Local 682,,B1E,70.0,,,
Ike's Plumbing And Heating,,B1H,70.0,,,
First Choice Sewer Inspection & Drain Cleaning,,B1H,70.0,,,
First Choice Heating and Plumbing,,B1H,70.0,,,
Green Sewer Video Inspection & Drain Cleaning,,B1G,70.0,,,
Chimera Plumbing,,B1A,70.0,,,
Danny Boy's Plumbing & Mechanical,,B1A,70.0,,,
McNeil W J Plumbing & Heating,,B1A,70.0,,,
All Stars Plumbing & Heating,,B1A,70.0,,,
Plumbing And Heating All Stars,,B1A,70.0,,,
East Coast Mechanical Services,,B1A,70.0,,,
Del's Plumbing,,B0W,70.0,,,
Big Jay's Plumbing & Heating,,B0W,70.0,,,
Doug Henderson's Plumbing & Heating,,B1B,70.0,,,
Acadian Plumbing & Heating & Electrical Ltd,,B0W,70.0,,,
Wyatt's Plumbing Ltd,,B0W,70.0,,,
MacDonells Small Jobs Ltd,,B0W,70.0,,,
Tri-County Plumbing - Heating & Propane Services,,B5A,70.0,,,
Brian's Plumbing & Heating,,B5A,70.0,,,
BraMac Plumbing&Heating,,B5A,70.0,,,
EMCO Corporation,,B5A,70.0,,,
Jeff LeBlanc Plumbing,,B5A,70.0,,,
Drain Experts Plumbing,,L6W,70.0,,,
Thunderbird Plumbing & Heating,,,70.0,,,
Handyman Connection,,,70.0,,,
Gilmour Plumbing,,,70.0,,,
Gilmour Plumbing,,,70.0,,,
Gilmour Plumbing,,,70.0,,,
Redline Plumbing,,,70.0,,,
Dimitris Plumbing and Heating Ltd,,,70.0,,,
Armstrong H E Mechanical,,,70.0,,,
Park Plumbing,,,70.0,,,
Coopers Plumbing And Heating,,,70.0,,,
BaySide Plumbing,,,70.0,,,
New Generation Plumbing & Heating,,,70.0,,,
New Generation Plumbing & Heating,,,70.0,,,
Peters Plumbing,,,70.0,,,
Malcolm Stevens Plumbing and Heating,,,70.0,,,
TYGAR,,,70.0,,,
Slater Plumbing,,,70.0,,,
Detect-All,,,70.0,,,
Blackburn Bennett,,,70.0,,,
Sanicary Plumbing,,,70.0,,,
Cumberland Plumbing,,,70.0,,,
Diamond Plumbing,,,70.0,,,
MacLaughlin Mechanical,,,70.0,,,
Drysdale Plumbing,,,70.0,,,
Smith S,,,70.0,,,
Marcott Plumbing,,,70.0,,,
AP Plumbing,,,70.0,,,
Nolan Plumbing,,,70.0,,,
Boutis Plumbing,,,70.0,,,
Goodlife Plumbing,,,70.0,,,
Plumber Pipefitter,,,70.0,,,
Munroes Plumbing,,,70.0,,,
Simpson Installations,,,70.0,,,
Frizzell Paul,,,70.0,,,
KLC Plumbing,,,70.0,,,
Drysdale Plumbing,,,70.0,,,
Halifax Plumbers,,,70.0,,,
Expressway Plumbing,,,70.0,,,
Plumb Inc,,,70.0,,,
Cortech Plumbing,,,70.0,,,
Big Boy Mechanical,,,70.0,,,
Campbell Corning Mechanical,,,70.0,,,
Andy Fotis Plumbing&Heating,,,70.0,,,
McNair Mechanical Ltd,,B4C,70.0,,,
CJ's Plumbing,,,70.0,,,
Fox Whole Plumbing,,,70.0,,,
Tiny Angels Early Education,,B4A,70.0,,,
Public Drain Authority,,,70.0,,,
A Christmas Plumbing,,,70.0,,,
Tartan Mechanical Limited,,,70.0,,,
Rick's Plumbing,,,70.0,,,
Doire Plumbing Service,,,70.0,,,
Bayside Plumbing&Heating Ltd,,,70.0,,,
Plumb 'N Time,,,70.0,,,
Del's Plumbing,,,70.0,,,
Paul Richards Plumbing,,,70.0,,,
Cove Lobster Ltd,,,70.0,,,
Cdm's Plumbing,,,70.0,,,
Valley Fuels Ltd,,,70.0,,,
All Trades Plumbing,,,70.0,,,
Blakeney's Plumbing,,,70.0,,,
Reliable Rooter Ltd,,,70.0,,,
Brown&Murphy Services Ltd,,,70.0,,,
Matt's Plumbing,,,70.0,,,
Mr. A1 Plumbing,,,70.0,,,
Female Plumbers Timberlea,,,70.0,,,
Rick's Plumbing,,,70.0,,,
Certified Journeyman Plumbing,,,70.0,,,
Reid's Plumbing,,,70.0,,,
Red Seal Plumbing,,,70.0,,,
Sundog Plumbing & Heating,,,70.0,,,
Jodrey Dalton Plumbing&Heating Ltd,,,70.0,,,
Brown's Plumbing&Burner Service,,,70.0,,,
Bayview Plumbing & Heating,,,70.0,,,
Connor Plumbing & Heating,,,70.0,,,
Edgecombe Plumbing And Heating,,,70.0,,,
Farrell's Plumbing&Heating Ltd,,B2G,70.0,,,
Small Jobs Plumbing Inc,,,70.0,,,
Faster Plumbing & Heating,,,70.0,,,
Problem Solved Tree Service,,,70.0,,,
Kedy's Plumbing Ltd,,,70.0,,,
Coastal Plumbing & Heating,,,70.0,,,
A&G Plumbing and Heating,,,70.0,,,
Lakelands Plumbing And Heating,,,70.0,,,
J. Lee Mechanical Inc,,,70.0,,,
Malcom's Plumbing Service,,,70.0,,,
Amherst Plumbing & Drains,,,70.0,,,
Rollie Plumbing & Heating,,,70.0,,,
Red Seal Master Plumber,,,70.0,,,
Certified Red Seal Plumber,,,70.0,,,
Aim Pumps & Filtration,,,70.0,,,
Beechville Plumbing & Heating,,,70.0,,,
Shearwater Plumbing & Heating,,,70.0,,,
A&N Plumbing and Drain,,,70.0,,,
C&M Plumbing & Heating,,,70.0,,,
Sierra Electric and Plumbing,,,70.0,,,
Winmill R H Electric Ltd,,,70.0,,,
Pettis Plumbing & Drain Cleaning,,B6L,70.0,,,
Palmer Plumbing and Heating Ltd,,,70.0,,,
Brad Isles Plumbing & Heating,,,70.0,,,
Stone's Plumbing & Heating,,,70.0,,,
Messenger Mechanical & Sheet Metal,,,70.0,,,
Beav's Plumbing & Heating,,,70.0,,,
Joel Scott Plumbing & Heating,,,70.0,,,
Rollie's Plumbing & Heating,,B3K,70.0,,,
Ben's Plumbing And Heating,,,70.0,,,
Evangeline Plumbing & Heating Ltd,,B0P,70.0,,,
Carey R G Plumbing Doctor,,,70.0,,,
Chester Electrical Plumbing & Heating,,,70.0,,,
South Shore Plumbing & Heating,,,70.0,,,
B & G Plumbing & Heating,,,70.0,,,
Walker's Plumbing & Heating,,,70.0,,,
No Problem Plumbing & Electrical,,,70.0,,,
Niagara Plumbing & Heating Ltd,,,70.0,,,
Steven Schofield Plumbing & Heating,,,70.0,,,
Clan Henderson Plumbing & Heating,,,70.0,,,
Adam's Plumbing & Heating,,,70.0,,,
Robert MacLean Plumbing & Heating,,,70.0,,,
North End Plumbing & Heating,,,70.0,,,
Natasha & Scott's Plumbing,,,70.0,,,
Wayne's Plumbing & Heating,,,70.0,,,
Donald Carpenter Plumbing & Heating,,,70.0,,,
Plumber & Backflow Prevention Specialist,,,70.0,,,
William McKay Heating & Plumbing,,,70.0,,,
Mark Ells Plumbing & Heating,,,70.0,,,
Bailey's Plumbing & Heating,,,70.0,,,
Ernst Wechsler Plumbing Services Ltd,,,70.0,,,
Gary MacArthur Plumbing & Heating,,,70.0,,,
Mark Ells Plumbing & Heating,,,70.0,,,
Big Guy - Plumbing & Heating,,,70.0,,,
Austin LaPierre Plumbing & Heating,,,70.0,,,
Patton's Plumbing & Heating,,,70.0,,,
Bushen Kevin Plumbing & Heating,,,70.0,,,
Andy's Plumbing & Heating,,,70.0,,,
Canadian Drain & Plumbing Service,,,70.0,,,
Pictou County Plumbing Repair Service,,,70.0,,,
Justin's Plumbing & Maintenance,,,70.0,,,
McInnes Hugh Plumbing & Heating,,,70.0,,,
Evia Plumbing & Heating Ltd,,,70.0,,,
Alex's Plumbing & Electrical,,,70.0,,,
Bickerton's Plumbing & Heating,,,70.0,,,
MH Plumbing & Heating Inc,,,70.0,,,
J K V Plumbing & Heating,,,70.0,,,
Dickie's Plumbing Heating & Water,,,70.0,,,
Barney's Plumbing Heating and Gas,,,70.0,,,
Ian Tate Plumbing & Heating Ltd,,,70.0,,,
McPhee's Plumbing&Heating Ltd,,B1A,70.0,,,
P W Plumbing & Heating Ltd,,,70.0,,,
Michael A Josey Building Services Ltd,,B2V,70.0,,,
Andrew Selig's Plumbing & Heating,,,70.0,,,
Edgecombe's Plumbing & Heating Ltd,,,70.0,,,
Duke's Plumbing & Heating Services,,,70.0,,,
Campbell's Plumbing and Heating Ltd,,,70.0,,,
New Waterford Consolidated Hospital Diabetic Education,,,70.0,,,
Pettipas Heat Pump & Plumbing Service,,,70.0,,,
R F Welsh Plumbing & Heating,,,70.0,,,
Leaky Lou's Plumbing and Heating,,,70.0,,,
Jay's Chimney Sweep & Plumbing,,,70.0,,,
C & M Plumbing & Heating,,,70.0,,,
P W Plumbing & Heating Ltd,,,70.0,,,
Dillman M W Plumbing (2000) Ltd,,,70.0,,,
Parsons & Sons Plumbing & Heating,,,70.0,,,
K P's Plumbing And Heating,,,70.0,,,
Bray's Plumbing & Heating Ltd,,,70.0,,,
Trevor Whynot's Plumbing & Heating,,,70.0,,,
Ellis O Wile & Son Ltd,,,70.0,,,
J D Nelson Plumbing & Heating Ltd,,,70.0,,,
St Margaret's Bay Plumbing & Heating,,B0J,70.0,,,
Paul The Plumber Plumbing & Heating Solutions,,,70.0,,,
B A S S Plumbing & Heating,,,70.0,,,
Boudreau's Pat Plumbing & Heating Ltd,,,70.0,,,
New Waterford Consolidated Hospital Patient Rooms Only,,,70.0,,,
A.R. Langille's Plumbing And Heating,,,70.0,,,
Two Brother Plumbing & Heat Pump Installation,,,70.0,,,
Baxter G C Plumbing & Heating Ltd,,,70.0,,,
New Waterford Consolidated Hospital Mental Health Services Physiotherapy,,,70.0,,,
MacDonell's Small Jobs Renovations Plumbing & Mi ni Excavting,,,70.0,,,
Aqualab Plumbing Services,,,70.0,,,
ProTech Renos,,,70.0,,,
LMB Plumbing and Heating Inc,,,70.0,,,
CCR Plumbing & Heating,,,70.0,,,
Mike Bourque's Plumbing & Heating Services,,,70.0,,,
Darrin Rix Plumbing & Heating,,B2Z,70.0,,,
Those Guys Plumbing & Electrical,,,70.0,,,
DG Plumbing and Heating,,B3K,70.0,,,
Falcon Plumbing & Heating,,,70.0,,,
Eric J Dodge Plumbing Services,,,70.0,,,
EDC Plumbing & Gas Services,,,70.0,,,
Riverfront Contractors Limited,,B0E,70.0,,,
Drummond's Plumbing & Heating Ltd,,,70.0,,,
Pothier Plumbing & Heating,,,70.0,,,
Otter Plumbing and Heating,,,70.0,,,
Bickerton's Plumbing & Heating,,,70.0,,,
B.A.S.S Plumbing & Heating,,,70.0,,,
K M Best Plumbing & Heating Ltd,,,70.0,,,
True Flow Plumbing Solutions,,B0N,70.0,,,
Plumbing Ursule,,,70.0,,,
TR Plumbing and Renovations,,,70.0,,,
Maple Leaf Plumbing,,,70.0,,,
Island Wide Plumbing & Heating LTD.,,,70.0,,,
A1 Plumbing & Heating,,,70.0,,,
King Fix Plumbing,,,70.0,,,
Ellis O Wile & Son (87) Ltd,,,70.0,,,
Certified Plumbers,,,70.0,,,
Classic Plumbing & Heating Limited,,,70.0,,,
Gould W M Plumbing & Heating,,,70.0,,,
Cove Lobster Ltd,,,70.0,,,
Down The Drain Plumbing,,,70.0,,,
Mechanical Flood Protection,,,70.0,,,
ZMP Plumbing & Excavation,,,70.0,,,
Drainbusters,,,70.0,,,
R&M Plumbing LTD,,,70.0,,,
"Bird Stairs (Halifax) - Plumbing, Heating & Elec trical",,B3K,70.0,,,
Oceanside Plumbing Inc,,,70.0,,,
Blades and Son Electrical and Plumbing,,,70.0,,,
Mainline Plumbing And Heating,,,70.0,,,
Plumber for hire,,,70.0,,,
Cape Breton Plumber,,,70.0,,,
Burtch Plumbing,,,70.0,,,
DBI plumbing and heating,,,70.0,,,
East Coast Plumbing Solutions,,,70.0,,,
Fix Her Up Plumbing & Cleaning,,,70.0,,,
Plumbing Services,,,70.0,,,
Palmer Plumbing & Construction,,,70.0,,,
Unlocke Pipe Services,,,70.0,,,
RA Mechanical,,,70.0,,,
Plumber/Pipefitter for hire,,,70.0,,,
Bedford Plumbing And Heating Ltd,,,70.0,,,
Bonins Plumbing,,,70.0,,,
Plumber Cole Harbour,,,70.0,,,
Charlie's Plumbing and Bath,,,70.0,,,
Cape Breton Plumber,,,70.0,,,
Justin Tyme Plumbing,,,70.0,,,
Mathews Plumbing,,,70.0,,,
High Country Mechanical,,,70.0,,,
ClarTell Plumbing & Heating,,,70.0,,,
Tri-Quest,,B0K,70.0,,,
England Plumbing,,,70.0,,,
Reg Plumbing & Heating,,,70.0,,,
Clear Pipe Mechanical Limited,,,70.0,,,
Cove Plumbing & Heating,,,70.0,,,
Jr's Plumbing Heating Limited,,B4A,70.0,,,
Steven Plummer's Plumbing,,,70.0,,,
Pace Plumbing & Heating Ltd,9024776747,B3P,80.0,BBB Rating: A+,,
David Canning Heat & Maintenance,9024347341,B3P,80.0,BBB Rating: A+,,
Dimitri's Plumbing & Heating Limited,9028309005,B3M,80.0,BBB Rating: A+,,
Gil-Son Construction Limited,9024505604,B3S,80.0,BBB Rating: A+,,
Bremner's Plumbing & Heating Ltd.,9024505440,B3S,80.0,BBB Rating: A+,,
MacKenzie Professional Plumbing & Heating Inc.,9027899984,B2Y,80.0,BBB Rating: A+,,
Maritime HVAC,9024146000,B3B,80.0,BBB Rating: A+,,
Carvery's Construction Limited,9024632513,B3B,80.0,BBB Rating: A+,,
Pothier Plumbing and Heating Inc.,9024033774,B2W,80.0,BBB Rating: A+,,
Ryson Construction,9024043127,B3B,80.0,BBB Rating: A+,,
Jim Kimber Construction,9024688413,B3B,80.0,BBB Rating: A+,,
Gopher Plumbing & Hydronic Heating Inc.,9028800756,B2W,75.0,BBB Rating: A,,
Roski Mechanical,9023337167,B2X,75.0,BBB Rating: A,,
Ken Evans Plumbing & Heating Ltd.,9024669649,B2Y,80.0,BBB Rating: A+,,
Dartmouth Central Plumbing & Heating Ltd.,9024656057,B3G,80.0,BBB Rating: A+,,
Bickerton's Plumbing & Heating,9026690566,B4H,80.0,BBB Rating: A+,,
Better Call Paul Plumbing,9027536388,B2H,75.0,BBB Rating: A-,,
Falcon Plumbing & Heating,9023054501,B0K,70.0,,,
Compact Appliances Co. Ltd.,5063648002,E4L,80.0,BBB Rating: A+,,
Sackville Plumbing & Heating,5065361484,E4L,70.0,,,
Cory Allen’s Plumbing & Heating Ltd.,5065360980,E4L,80.0,BBB Rating: A+,,
Wilco Plumbing,5065368703,E4L,80.0,BBB Rating: A+,,
Annapolis Maintenance Services Limited,9026383535,B0S,80.0,BBB Rating: A+,,
Ed's Plumbing & Heating Ltd,9028635977,B2G,70.0,,,
Hemeon's Plumbing,9028751635,B0T,70.0,,,
Riverview Plumbing Ltd,5063878000,E4H,70.0,,,
C.A. Smith Mechanical Ltd,9028634096,B2G,70.0,,,
Bell Plumbing & Heating,9029160530,C0A,80.0,BBB Rating: A+,,
Caper Developments Ltd.,9026230396,B2G,80.0,BBB Rating: A+,,
J L Haley Plumbing & Heating Ltd,9028634849,B2G,70.0,,,
Louis Marcott Plumbing and Heating,9026952558,B0K,80.0,BBB Rating: A+,,
Frank Parker's Plumbing & Heating,9023964064,B0K,70.0,,,
Scotia Plumbing & Property,9023965800,B0K,80.0,BBB Rating: A+,,
MacLeod & Grant Ltd.,9027525532,B0K,80.0,BBB Rating: A+,,
John Vance Plumbing & Heating,9027523205,B2H,70.0,,,
Ross MacDonald Plumbing & Burner Services Ltd.,9026953002,B2H,80.0,BBB Rating: A+,,
Ross MacDonald Plumbing & Burner Services Ltd.,9026953002,B0K,80.0,BBB Rating: A+,,
Those Guys Plumbing & Electrical Ltd.,9023013036,B2H,80.0,BBB Rating: A+,,
A.L.M. Energy Services Inc.,9022572081,B0K,80.0,BBB Rating: A+,,
A.L.M. Energy Services Inc.,9022572081,B0K,80.0,BBB Rating: A+,,
Mike Chapman Heating & Plumbing Inc,9023822125,B0K,80.0,BBB Rating: A+,,
Al's Plumbing & Heating,9027595668,B0K,70.0,,,
Lmd Plumbing,9026652382,B0S,70.0,,,
George B. Chapman Plumbing & Heating,9026678636,B4H,80.0,BBB Rating: A+,,
R.A. Mechanical,9028723330,B0K,70.0,,,
First Choice Sewer Inspection and Drain Cleaning Limited,9025654113,B1E,85.0,,( 32 reviews),https://www.firstchoicesewers.com/
R H Winmill Electric Limited,9023512660,B0K,81.0,,( 22 reviews),http://winmillelectric.ca/
Graves Electrical Ltd,9027429372,B5A,70.0,,( 0 reviews),https://www.donedifferent.ca/
Aim Electrical and Plumbing Services,9024978342,B3E,70.0,,( 0 reviews),https://toilettruck.com/
